Date,BND,VWO
2005-03-11,,25.05
2005-03-14,,24.9
2005-03-15,,24.36
2005-03-16,,24.15
2005-03-17,,24.34
2005-03-18,,24.38
2005-03-21,,24.08
2005-03-22,,23.69
2005-03-23,,23.48
2005-03-24,,23.4
2005-03-28,,23.48
2005-03-29,,22.97
2005-03-30,,23.47
2005-03-31,,23.6
2005-04-01,,23.63
2005-04-04,,23.75
2005-04-05,,23.7
2005-04-06,,23.92
2005-04-07,,24.02
2005-04-08,,23.83
2005-04-11,,23.92
2005-04-12,,23.95
2005-04-13,,23.75
2005-04-14,,23.15
2005-04-15,,22.76
2005-04-18,,22.7
2005-04-19,,23.16
2005-04-20,,22.79
2005-04-21,,23.31
2005-04-22,,23.14
2005-04-25,,23.35
2005-04-26,,23.21
2005-04-27,,23.1
2005-04-28,,22.63
2005-04-29,,23.05
2005-05-02,,23.16
2005-05-03,,23.0
2005-05-04,,23.8
2005-05-05,,23.81
2005-05-06,,23.92
2005-05-09,,24.0
2005-05-10,,23.51
2005-05-11,,23.65
2005-05-12,,23.23
2005-05-13,,23.17
2005-05-16,,23.33
2005-05-17,,23.35
2005-05-18,,23.92
2005-05-19,,23.83
2005-05-20,,23.6
2005-05-23,,23.63
2005-05-24,,23.62
2005-05-25,,23.53
2005-05-26,,23.63
2005-05-27,,23.93
2005-05-31,,23.72
2005-06-01,,23.85
2005-06-02,,24.06
2005-06-03,,24.0
2005-06-06,,24.21
2005-06-07,,24.08
2005-06-08,,23.98
2005-06-09,,24.15
2005-06-10,,24.17
2005-06-13,,24.15
2005-06-14,,24.24
2005-06-15,,24.58
2005-06-16,,24.95
2005-06-17,,25.03
2005-06-20,,24.95
2005-06-21,,24.81
2005-06-22,,25.0
2005-06-23,,24.64
2005-06-24,,24.5
2005-06-27,,24.6
2005-06-28,,24.8
2005-06-29,,24.72
2005-06-30,,24.54
2005-07-01,,24.76
2005-07-05,,24.81
2005-07-06,,24.61
2005-07-07,,24.6
2005-07-08,,24.75
2005-07-11,,25.15
2005-07-12,,25.45
2005-07-13,,25.45
2005-07-14,,25.6
2005-07-15,,25.48
2005-07-18,,25.41
2005-07-19,,25.67
2005-07-20,,25.89
2005-07-21,,26.08
2005-07-22,,26.11
2005-07-25,,25.67
2005-07-26,,25.82
2005-07-27,,26.0
2005-07-28,,26.47
2005-07-29,,26.25
2005-08-01,,26.56
2005-08-02,,27.09
2005-08-03,,27.14
2005-08-04,,26.92
2005-08-05,,26.5
2005-08-08,,26.5
2005-08-09,,27.29
2005-08-10,,27.17
2005-08-11,,27.36
2005-08-12,,27.1
2005-08-15,,27.23
2005-08-16,,26.77
2005-08-17,,26.88
2005-08-18,,26.42
2005-08-19,,26.35
2005-08-22,,26.7
2005-08-23,,26.38
2005-08-24,,26.05
2005-08-25,,26.44
2005-08-26,,26.15
2005-08-29,,26.4
2005-08-30,,26.12
2005-08-31,,26.63
2005-09-01,,26.9
2005-09-02,,27.14
2005-09-06,,27.44
2005-09-07,,27.5
2005-09-08,,27.51
2005-09-09,,27.85
2005-09-12,,27.78
2005-09-13,,27.59
2005-09-14,,27.72
2005-09-15,,27.82
2005-09-16,,28.03
2005-09-19,,28.08
2005-09-20,,28.1
2005-09-21,,28.2
2005-09-22,,28.17
2005-09-23,,27.94
2005-09-26,,28.32
2005-09-27,,28.09
2005-09-28,,28.26
2005-09-29,,28.77
2005-09-30,,28.82
2005-10-03,,28.67
2005-10-04,,28.63
2005-10-05,,28.09
2005-10-06,,27.21
2005-10-07,,27.61
2005-10-10,,27.67
2005-10-11,,27.8
2005-10-12,,27.3
2005-10-13,,26.89
2005-10-14,,27.02
2005-10-17,,27.15
2005-10-18,,26.5
2005-10-19,,26.51
2005-10-20,,25.65
2005-10-21,,26.49
2005-10-24,,27.08
2005-10-25,,26.54
2005-10-26,,26.77
2005-10-27,,26.02
2005-10-28,,26.67
2005-10-31,,27.18
2005-11-01,,27.38
2005-11-02,,27.96
2005-11-03,,27.97
2005-11-04,,27.9
2005-11-07,,27.86
2005-11-08,,27.69
2005-11-09,,28.02
2005-11-10,,28.12
2005-11-11,,28.39
2005-11-14,,28.33
2005-11-15,,28.09
2005-11-16,,28.38
2005-11-17,,28.75
2005-11-18,,28.85
2005-11-21,,28.9
2005-11-22,,28.82
2005-11-23,,29.32
2005-11-25,,29.24
2005-11-28,,29.08
2005-11-29,,28.99
2005-11-30,,29.08
2005-12-01,,29.72
2005-12-02,,29.74
2005-12-05,,29.78
2005-12-06,,30.15
2005-12-07,,29.94
2005-12-08,,29.82
2005-12-09,,29.9
2005-12-12,,30.22
2005-12-13,,30.42
2005-12-14,,30.3
2005-12-15,,30.22
2005-12-16,,30.1
2005-12-19,,30.17
2005-12-20,,30.33
2005-12-21,,30.78
2005-12-22,,30.75
2005-12-23,,30.97
2005-12-27,,30.22
2005-12-28,,30.24
2005-12-29,,30.49
2005-12-30,,30.44
2006-01-03,,31.45
2006-01-04,,31.86
2006-01-05,,31.89
2006-01-06,,32.41
2006-01-09,,32.69
2006-01-10,,32.4
2006-01-11,,32.63
2006-01-12,,32.44
2006-01-13,,32.49
2006-01-17,,31.86
2006-01-18,,31.7
2006-01-19,,32.59
2006-01-20,,31.73
2006-01-23,,32.24
2006-01-24,,32.68
2006-01-25,,32.69
2006-01-26,,33.19
2006-01-27,,33.85
2006-01-30,,33.78
2006-01-31,,33.98
2006-02-01,,34.09
2006-02-02,,33.25
2006-02-03,,32.9
2006-02-06,,33.6
2006-02-07,,32.92
2006-02-08,,32.95
2006-02-09,,32.96
2006-02-10,,33.01
2006-02-13,,32.27
2006-02-14,,32.92
2006-02-15,,32.88
2006-02-16,,33.45
2006-02-17,,33.52
2006-02-21,,33.33
2006-02-22,,33.54
2006-02-23,,33.58
2006-02-24,,33.67
2006-02-27,,33.86
2006-02-28,,33.25
2006-03-01,,33.94
2006-03-02,,34.04
2006-03-03,,33.49
2006-03-06,,33.03
2006-03-07,,31.83
2006-03-08,,32.08
2006-03-09,,31.94
2006-03-10,,32.5
2006-03-13,,32.51
2006-03-14,,33.33
2006-03-15,,33.65
2006-03-16,,33.47
2006-03-17,,33.6
2006-03-20,,33.67
2006-03-21,,33.03
2006-03-22,,33.19
2006-03-23,,32.97
2006-03-24,,33.19
2006-03-27,,33.34
2006-03-28,,32.96
2006-03-29,,33.35
2006-03-30,,33.6
2006-03-31,,33.64
2006-04-03,,34.46
2006-04-04,,34.82
2006-04-05,,35.15
2006-04-06,,35.09
2006-04-07,,34.65
2006-04-10,,34.6
2006-04-11,,34.25
2006-04-12,,34.44
2006-04-13,,34.46
2006-04-17,,34.87
2006-04-18,,35.96
2006-04-19,,36.27
2006-04-20,,36.19
2006-04-21,,36.33
2006-04-24,,36.2
2006-04-25,,35.71
2006-04-26,,36.35
2006-04-27,,36.14
2006-04-28,,36.26
2006-05-01,,36.37
2006-05-02,,36.99
2006-05-03,,37.02
2006-05-04,,37.33
2006-05-05,,37.8
2006-05-08,,38.0
2006-05-09,,38.04
2006-05-10,,37.83
2006-05-11,,36.9
2006-05-12,,36.08
2006-05-15,,35.04
2006-05-16,,35.27
2006-05-17,,34.15
2006-05-18,,33.49
2006-05-19,,33.88
2006-05-22,,32.08
2006-05-23,,32.18
2006-05-24,,31.97
2006-05-25,,32.99
2006-05-26,,33.24
2006-05-30,,31.5
2006-05-31,,32.17
2006-06-01,,32.8
2006-06-02,,33.13
2006-06-05,,31.7
2006-06-06,,31.25
2006-06-07,,30.82
2006-06-08,,29.91
2006-06-09,,29.72
2006-06-12,,28.83
2006-06-13,,28.16
2006-06-14,,28.92
2006-06-15,,30.26
2006-06-16,,30.08
2006-06-19,,29.13
2006-06-20,,29.54
2006-06-21,,30.22
2006-06-22,,29.94
2006-06-23,,30.15
2006-06-26,,30.0
2006-06-27,,29.73
2006-06-28,,30.4
2006-06-29,,32.06
2006-06-30,,32.14
2006-07-03,,32.88
2006-07-05,,31.91
2006-07-06,,32.56
2006-07-07,,32.02
2006-07-10,,32.24
2006-07-11,,32.57
2006-07-12,,32.07
2006-07-13,,30.84
2006-07-14,,30.6
2006-07-17,,30.22
2006-07-18,,30.58
2006-07-19,,32.06
2006-07-20,,31.34
2006-07-21,,30.68
2006-07-24,,32.19
2006-07-25,,32.26
2006-07-26,,32.01
2006-07-27,,32.31
2006-07-28,,33.09
2006-07-31,,32.74
2006-08-01,,32.17
2006-08-02,,32.63
2006-08-03,,32.6
2006-08-04,,32.6
2006-08-07,,32.49
2006-08-08,,32.58
2006-08-09,,32.6
2006-08-10,,32.85
2006-08-11,,32.62
2006-08-14,,32.65
2006-08-15,,33.33
2006-08-16,,33.88
2006-08-17,,33.73
2006-08-18,,33.56
2006-08-21,,33.26
2006-08-22,,33.21
2006-08-23,,32.74
2006-08-24,,32.78
2006-08-25,,32.89
2006-08-28,,33.08
2006-08-29,,33.23
2006-08-30,,33.45
2006-08-31,,33.22
2006-09-01,,33.68
2006-09-05,,34.09
2006-09-06,,33.07
2006-09-07,,33.03
2006-09-08,,33.08
2006-09-11,,32.49
2006-09-12,,32.92
2006-09-13,,33.38
2006-09-14,,33.11
2006-09-15,,33.26
2006-09-18,,33.76
2006-09-19,,33.34
2006-09-20,,33.72
2006-09-21,,33.13
2006-09-22,,32.77
2006-09-25,,33.09
2006-09-26,,33.5
2006-09-27,,33.48
2006-09-28,,33.75
2006-09-29,,33.58
2006-10-02,,33.61
2006-10-03,,33.17
2006-10-04,,33.82
2006-10-05,,34.25
2006-10-06,,34.05
2006-10-09,,33.91
2006-10-10,,34.15
2006-10-11,,33.99
2006-10-12,,34.78
2006-10-13,,34.9
2006-10-16,,35.0
2006-10-17,,34.6
2006-10-18,,34.73
2006-10-19,,34.99
2006-10-20,,34.79
2006-10-23,,34.87
2006-10-24,,34.99
2006-10-25,,35.33
2006-10-26,,35.48
2006-10-27,,34.88
2006-10-30,,34.63
2006-10-31,,35.28
2006-11-01,,35.24
2006-11-02,,35.38
2006-11-03,,35.66
2006-11-06,,36.36
2006-11-07,,36.26
2006-11-08,,36.29
2006-11-09,,36.35
2006-11-10,,36.45
2006-11-13,,36.38
2006-11-14,,36.93
2006-11-15,,36.85
2006-11-16,,36.56
2006-11-17,,36.38
2006-11-20,,36.31
2006-11-21,,36.9
2006-11-22,,37.28
2006-11-24,,37.42
2006-11-27,,36.69
2006-11-28,,36.94
2006-11-29,,37.7
2006-11-30,,37.86
2006-12-01,,37.61
2006-12-04,,38.38
2006-12-05,,38.82
2006-12-06,,38.45
2006-12-07,,38.31
2006-12-08,,38.23
2006-12-11,,38.21
2006-12-12,,37.77
2006-12-13,,37.87
2006-12-14,,38.49
2006-12-15,,38.58
2006-12-18,,38.38
2006-12-19,,38.22
2006-12-20,,38.46
2006-12-21,,38.55
2006-12-22,,37.9
2006-12-26,,38.28
2006-12-27,,38.69
2006-12-28,,38.73
2006-12-29,,38.69
2007-01-03,,38.95
2007-01-04,,38.53
2007-01-05,,37.45
2007-01-08,,37.86
2007-01-09,,36.96
2007-01-10,,36.85
2007-01-11,,37.34
2007-01-12,,37.88
2007-01-16,,37.9
2007-01-17,,37.8
2007-01-18,,37.6
2007-01-19,,38.33
2007-01-22,,38.29
2007-01-23,,38.95
2007-01-24,,39.31
2007-01-25,,38.1
2007-01-26,,38.33
2007-01-29,,38.03
2007-01-30,,38.44
2007-01-31,,38.72
2007-02-01,,39.12
2007-02-02,,39.1
2007-02-05,,39.1
2007-02-06,,39.52
2007-02-07,,39.45
2007-02-08,,39.53
2007-02-09,,38.83
2007-02-12,,38.55
2007-02-13,,39.21
2007-02-14,,39.9
2007-02-15,,39.89
2007-02-16,,39.86
2007-02-20,,40.06
2007-02-21,,39.97
2007-02-22,,40.22
2007-02-23,,40.03
2007-02-26,,39.96
2007-02-27,,37.04
2007-02-28,,37.78
2007-03-01,,37.38
2007-03-02,,36.6
2007-03-05,,35.55
2007-03-06,,37.25
2007-03-07,,36.88
2007-03-08,,37.62
2007-03-09,,37.74
2007-03-12,,38.12
2007-03-13,,36.56
2007-03-14,,37.24
2007-03-15,,37.62
2007-03-16,,37.31
2007-03-19,,38.02
2007-03-20,,38.38
2007-03-21,,39.49
2007-03-22,,39.29
2007-03-23,,39.37
2007-03-26,,39.35
2007-03-27,,39.13
2007-03-28,,38.79
2007-03-29,,39.54
2007-03-30,,39.44
2007-04-02,,39.78
2007-04-03,,40.38
2007-04-04,,40.51
2007-04-05,,40.62
2007-04-09,,40.86
2007-04-10,,40.99
2007-04-11,75.04,40.87
2007-04-12,75.03,41.39
2007-04-13,74.91,41.53
2007-04-16,74.98,42.04
2007-04-17,75.17,41.9
2007-04-18,75.31,41.7
2007-04-19,75.28,41.42
2007-04-20,75.26,42.04
2007-04-23,75.36,41.87
2007-04-24,75.48,41.9
2007-04-25,75.42,42.49
2007-04-26,75.26,41.92
2007-04-27,75.24,41.75
2007-04-30,75.49,40.94
2007-05-01,75.32,41.22
2007-05-02,75.33,42.02
2007-05-03,75.28,42.44
2007-05-04,75.34,42.6
2007-05-07,75.39,42.74
2007-05-08,75.4,42.36
2007-05-09,75.31,42.87
2007-05-10,75.38,41.81
2007-05-11,75.28,42.9
2007-05-14,75.23,42.63
2007-05-15,75.2,42.65
2007-05-16,75.23,43.33
2007-05-17,75.12,43.08
2007-05-18,74.94,43.39
2007-05-21,75.04,43.49
2007-05-22,74.92,43.6
2007-05-23,74.86,43.31
2007-05-24,74.85,42.38
2007-05-25,74.86,43.21
2007-05-29,74.76,43.08
2007-05-30,74.83,43.5
2007-05-31,74.77,43.66
2007-06-01,74.34,44.65
2007-06-04,74.42,44.51
2007-06-05,74.3,44.26
2007-06-06,74.37,43.53
2007-06-07,73.85,42.76
2007-06-08,73.84,43.77
2007-06-11,73.76,43.9
2007-06-12,73.4,43.19
2007-06-13,73.57,44.15
2007-06-14,73.47,44.83
2007-06-15,73.84,45.6
2007-06-18,73.76,45.97
2007-06-19,74.11,46.06
2007-06-20,73.75,45.74
2007-06-21,73.79,46.25
2007-06-22,73.9,45.6
2007-06-25,74.1,45.22
2007-06-26,74.07,45.0
2007-06-27,74.13,45.58
2007-06-28,74.03,45.59
2007-06-29,74.28,45.65
2007-07-02,74.23,46.59
2007-07-03,74.08,47.1
2007-07-05,73.78,47.46
2007-07-06,73.63,48.1
2007-07-09,73.71,48.47
2007-07-10,74.09,47.63
2007-07-11,73.91,47.99
2007-07-12,73.81,49.24
2007-07-13,73.93,49.58
2007-07-16,74.13,48.86
2007-07-17,74.04,48.97
2007-07-18,74.16,48.79
2007-07-19,74.13,49.25
2007-07-20,74.34,49.12
2007-07-23,74.32,50.28
2007-07-24,74.35,48.78
2007-07-25,74.42,49.38
2007-07-26,74.71,46.66
2007-07-27,74.65,46.15
2007-07-30,74.58,47.92
2007-07-31,74.73,47.25
2007-08-01,74.39,46.5
2007-08-02,74.52,46.99
2007-08-03,74.77,45.1
2007-08-06,74.56,46.25
2007-08-07,74.55,46.42
2007-08-08,74.36,47.7
2007-08-09,74.53,45.72
2007-08-10,74.39,45.22
2007-08-13,74.46,45.5
2007-08-14,74.64,44.08
2007-08-15,74.65,41.9
2007-08-16,74.64,41.2
2007-08-17,74.87,42.78
2007-08-20,74.71,43.03
2007-08-21,74.97,42.69
2007-08-22,74.97,44.43
2007-08-23,74.97,44.8
2007-08-24,75.04,45.81
2007-08-27,75.31,46.03
2007-08-28,75.52,44.2
2007-08-29,75.35,46.29
2007-08-30,75.48,45.83
2007-08-31,75.53,47.24
2007-09-04,75.19,47.9
2007-09-05,75.48,46.79
2007-09-06,75.34,47.49
2007-09-07,75.81,46.56
2007-09-10,76.03,46.24
2007-09-11,75.85,47.56
2007-09-12,75.73,47.42
2007-09-13,75.54,47.89
2007-09-14,75.55,47.96
2007-09-17,75.61,47.52
2007-09-18,75.82,49.75
2007-09-19,75.7,49.86
2007-09-20,75.16,49.53
2007-09-21,75.48,50.38
2007-09-24,75.43,51.0
2007-09-25,75.48,51.04
2007-09-26,75.5,51.43
2007-09-27,75.66,52.31
2007-09-28,75.69,51.89
2007-10-01,75.36,53.88
2007-10-02,75.63,53.7
2007-10-03,75.59,52.88
2007-10-04,75.67,53.35
2007-10-05,75.35,54.8
2007-10-08,75.57,54.3
2007-10-09,75.32,54.88
2007-10-10,75.4,55.25
2007-10-11,75.47,54.99
2007-10-12,75.35,55.83
2007-10-15,75.29,55.45
2007-10-16,75.45,54.22
2007-10-17,75.83,55.83
2007-10-18,75.93,56.07
2007-10-19,76.29,53.29
2007-10-22,76.24,54.0
2007-10-23,76.22,55.3
2007-10-24,76.52,54.81
2007-10-25,76.46,55.45
2007-10-26,76.35,57.57
2007-10-29,76.36,58.54
2007-10-30,76.38,57.47
2007-10-31,76.1,58.64
2007-11-01,76.25,56.58
2007-11-02,76.34,56.88
2007-11-05,76.12,55.5
2007-11-06,76.0,57.2
2007-11-07,76.11,55.02
2007-11-08,76.2,55.52
2007-11-09,76.3,54.32
2007-11-12,76.47,51.41
2007-11-13,76.24,54.9
2007-11-14,76.24,55.15
2007-11-15,76.51,53.9
2007-11-16,76.48,53.99
2007-11-19,76.7,52.5
2007-11-20,76.53,53.2
2007-11-21,77.0,50.71
2007-11-23,76.85,51.63
2007-11-26,77.45,49.15
2007-11-27,77.04,51.56
2007-11-28,76.96,54.1
2007-11-29,77.3,53.65
2007-11-30,77.3,53.64
2007-12-03,77.37,53.76
2007-12-04,77.33,53.67
2007-12-05,77.16,55.67
2007-12-06,76.76,56.17
2007-12-07,76.51,55.83
2007-12-10,76.37,55.81
2007-12-11,76.88,53.47
2007-12-12,76.73,55.01
2007-12-13,76.34,54.03
2007-12-14,76.17,52.52
2007-12-17,76.49,50.13
2007-12-18,76.67,51.45
2007-12-19,76.99,51.67
2007-12-20,77.0,51.85
2007-12-21,76.49,53.22
2007-12-24,76.27,53.22
2007-12-26,76.04,53.62
2007-12-27,76.34,52.51
2007-12-28,76.72,52.71
2007-12-31,77.38,52.15
2008-01-02,77.36,52.0
2008-01-03,77.46,52.5
2008-01-04,77.55,50.76
2008-01-07,77.57,51.17
2008-01-08,77.65,51.13
2008-01-09,77.56,52.37
2008-01-10,77.53,52.85
2008-01-11,77.77,51.6
2008-01-14,77.87,52.15
2008-01-15,78.15,49.96
2008-01-16,78.0,48.03
2008-01-17,78.32,46.66
2008-01-18,78.28,47.68
2008-01-22,78.77,46.22
2008-01-23,78.64,46.72
2008-01-24,78.13,47.05
2008-01-25,78.65,45.95
2008-01-28,78.37,47.0
2008-01-29,78.26,47.18
2008-01-30,78.29,46.35
2008-01-31,78.35,47.44
2008-02-01,78.31,48.6
2008-02-04,78.03,48.53
2008-02-05,78.24,46.51
2008-02-06,78.08,45.8
2008-02-07,77.6,46.53
2008-02-08,77.83,46.24
2008-02-11,78.0,46.88
2008-02-12,77.87,47.05
2008-02-13,77.45,48.05
2008-02-14,77.09,47.5
2008-02-15,77.21,48.22
2008-02-19,76.5,48.69
2008-02-20,76.56,49.08
2008-02-21,77.2,48.42
2008-02-22,77.01,49.15
2008-02-25,76.63,49.69
2008-02-26,76.92,50.62
2008-02-27,77.06,50.83
2008-02-28,77.63,50.4
2008-02-29,78.12,48.81
2008-03-03,77.64,49.09
2008-03-04,77.27,48.19
2008-03-05,76.77,49.1
2008-03-06,76.71,47.62
2008-03-07,76.92,47.1
2008-03-10,77.15,45.78
2008-03-11,76.71,48.87
2008-03-12,77.42,47.71
2008-03-13,77.08,47.61
2008-03-14,77.41,45.89
2008-03-17,77.67,44.4
2008-03-18,77.74,46.93
2008-03-19,77.8,44.31
2008-03-20,78.01,44.98
2008-03-24,77.58,46.67
2008-03-25,77.73,47.17
2008-03-26,77.8,46.58
2008-03-27,77.81,47.08
2008-03-28,77.87,46.74
2008-03-31,78.14,47.01
2008-04-01,77.03,48.4
2008-04-02,76.93,48.39
2008-04-03,76.9,48.9
2008-04-04,77.61,48.81
2008-04-07,77.31,49.06
2008-04-08,77.35,48.96
2008-04-09,77.65,48.58
2008-04-10,77.42,49.42
2008-04-11,77.87,48.51
2008-04-14,77.61,48.57
2008-04-15,77.35,49.4
2008-04-16,76.94,50.43
2008-04-17,76.87,50.12
2008-04-18,76.93,50.63
2008-04-21,77.06,51.12
2008-04-22,77.23,50.67
2008-04-23,77.16,51.3
2008-04-24,76.83,51.0
2008-04-25,76.73,51.49
2008-04-28,77.0,51.02
2008-04-29,76.95,50.16
2008-04-30,77.57,50.98
2008-05-01,77.28,51.72
2008-05-02,77.09,52.06
2008-05-05,77.24,51.9
2008-05-06,76.96,52.36
2008-05-07,77.07,51.13
2008-05-08,77.45,51.32
2008-05-09,77.4,51.06
2008-05-12,77.32,51.45
2008-05-13,76.92,51.64
2008-05-14,76.97,51.75
2008-05-15,77.38,52.8
2008-05-16,77.23,53.38
2008-05-19,77.44,53.65
2008-05-20,77.41,52.39
2008-05-21,77.39,51.98
2008-05-22,77.08,52.58
2008-05-23,77.41,51.18
2008-05-27,76.98,51.35
2008-05-28,76.58,51.58
2008-05-29,76.45,51.97
2008-05-30,76.5,51.89
2008-06-02,76.59,51.6
2008-06-03,76.89,50.71
2008-06-04,76.52,50.0
2008-06-05,76.17,51.48
2008-06-06,76.56,49.69
2008-06-09,75.93,49.53
2008-06-10,75.5,48.46
2008-06-11,75.94,48.25
2008-06-12,75.11,48.56
2008-06-13,75.18,48.58
2008-06-16,75.25,49.0
2008-06-17,75.5,48.64
2008-06-18,75.75,49.07
2008-06-19,75.56,48.43
2008-06-20,75.71,46.9
2008-06-23,75.45,47.0
2008-06-24,75.77,46.9
2008-06-25,75.8,47.74
2008-06-26,75.8,46.21
2008-06-27,76.0,46.59
2008-06-30,76.25,46.8
2008-07-01,75.9,45.51
2008-07-02,75.64,44.37
2008-07-03,75.7,44.48
2008-07-07,75.74,44.17
2008-07-08,76.17,44.53
2008-07-09,76.18,43.33
2008-07-10,76.39,44.7
2008-07-11,75.91,44.27
2008-07-14,76.32,44.5
2008-07-15,76.39,43.48
2008-07-16,75.76,44.69
2008-07-17,75.41,45.49
2008-07-18,75.29,45.0
2008-07-21,75.45,45.09
2008-07-22,75.22,44.6
2008-07-23,75.25,45.01
2008-07-24,75.79,44.22
2008-07-25,75.31,44.22
2008-07-28,75.81,44.37
2008-07-29,75.69,44.29
2008-07-30,75.71,45.0
2008-07-31,75.97,44.59
2008-08-01,75.8,44.49
2008-08-04,75.66,43.02
2008-08-05,75.35,43.59
2008-08-06,75.25,44.22
2008-08-07,75.73,42.9
2008-08-08,75.7,43.06
2008-08-11,75.38,42.54
2008-08-12,75.72,42.38
2008-08-13,75.52,42.28
2008-08-14,75.71,42.56
2008-08-15,75.95,41.97
2008-08-18,76.15,41.01
2008-08-19,76.01,40.63
2008-08-20,76.18,41.84
2008-08-21,76.16,41.64
2008-08-22,76.0,41.84
2008-08-25,76.21,40.56
2008-08-26,76.31,40.7
2008-08-27,76.33,41.49
2008-08-28,76.4,41.53
2008-08-29,76.3,41.06
2008-09-02,76.26,39.65
2008-09-03,76.36,39.31
2008-09-04,76.4,38.0
2008-09-05,76.46,37.9
2008-09-08,77.0,38.49
2008-09-09,77.14,36.85
2008-09-10,77.14,36.9
2008-09-11,77.09,36.99
2008-09-12,76.84,37.47
2008-09-15,77.42,34.77
2008-09-16,76.67,34.3
2008-09-17,76.77,32.03
2008-09-18,75.68,34.0
2008-09-19,76.61,38.97
2008-09-22,76.41,36.44
2008-09-23,76.65,35.22
2008-09-24,76.64,35.79
2008-09-25,76.89,37.12
2008-09-26,76.12,36.07
2008-09-29,76.49,32.13
2008-09-30,75.62,34.66
2008-10-01,74.95,34.22
2008-10-02,76.41,31.69
2008-10-03,75.99,31.2
2008-10-06,75.38,28.54
2008-10-07,75.6,26.61
2008-10-08,74.48,26.54
2008-10-09,72.16,25.45
2008-10-10,69.96,24.8
2008-10-13,72.87,29.83
2008-10-14,73.8,29.07
2008-10-15,73.35,24.61
2008-10-16,73.34,25.23
2008-10-17,73.74,25.1
2008-10-20,73.71,26.56
2008-10-21,74.97,24.55
2008-10-22,75.31,22.19
2008-10-23,74.96,22.45
2008-10-24,74.1,20.45
2008-10-27,73.7,19.72
2008-10-28,73.13,23.07
2008-10-29,73.66,22.84
2008-10-30,73.17,25.18
2008-10-31,73.13,25.21
2008-11-03,73.4,25.24
2008-11-04,74.14,27.45
2008-11-05,74.7,24.25
2008-11-06,74.76,22.9
2008-11-07,74.6,24.87
2008-11-10,74.6,24.96
2008-11-11,74.79,23.65
2008-11-12,74.55,21.6
2008-11-13,74.55,24.47
2008-11-14,74.81,22.47
2008-11-17,74.62,22.12
2008-11-18,74.67,21.82
2008-11-19,74.93,20.17
2008-11-20,74.87,18.6
2008-11-21,74.5,21.0
2008-11-24,74.18,22.47
2008-11-25,75.46,22.03
2008-11-26,75.93,23.53
2008-11-28,75.69,23.03
2008-12-01,75.84,20.99
2008-12-02,76.3,22.16
2008-12-03,75.94,22.45
2008-12-04,76.27,21.53
2008-12-05,75.71,22.58
2008-12-08,75.38,23.52
2008-12-09,75.78,23.38
2008-12-10,75.65,24.82
2008-12-11,76.46,24.34
2008-12-12,76.06,24.57
2008-12-15,76.86,24.38
2008-12-16,77.5,26.27
2008-12-17,77.52,25.6
2008-12-18,78.07,25.11
2008-12-19,77.57,25.04
2008-12-22,78.24,24.2
2008-12-23,78.53,23.89
2008-12-24,78.17,22.99
2008-12-26,78.23,22.97
2008-12-29,78.72,23.06
2008-12-30,78.87,23.59
2008-12-31,78.97,23.57
2009-01-02,78.68,24.83
2009-01-05,78.35,25.23
2009-01-06,77.85,25.68
2009-01-07,78.09,24.32
2009-01-08,77.96,24.17
2009-01-09,78.24,23.58
2009-01-12,77.93,22.49
2009-01-13,78.35,22.64
2009-01-14,78.64,21.52
2009-01-15,78.3,21.81
2009-01-16,78.42,22.12
2009-01-20,78.08,20.5
2009-01-21,77.54,21.64
2009-01-22,77.71,21.14
2009-01-23,77.56,21.19
2009-01-26,77.3,21.51
2009-01-27,77.77,21.69
2009-01-28,77.81,22.93
2009-01-29,77.29,21.75
2009-01-30,77.33,21.47
2009-02-02,77.3,21.33
2009-02-03,76.5,21.94
2009-02-04,76.64,22.16
2009-02-05,76.81,22.58
2009-02-06,76.8,23.67
2009-02-09,76.82,23.43
2009-02-10,77.24,22.17
2009-02-11,77.52,22.69
2009-02-12,77.32,22.64
2009-02-13,76.96,22.77
2009-02-17,77.46,20.98
2009-02-18,77.16,21.15
2009-02-19,76.83,21.06
2009-02-20,76.97,20.56
2009-02-23,77.1,20.06
2009-02-24,77.04,21.13
2009-02-25,76.65,20.82
2009-02-26,76.51,20.59
2009-02-27,76.59,20.96
2009-03-02,76.44,19.98
2009-03-03,76.18,19.41
2009-03-04,76.17,20.73
2009-03-05,76.52,19.82
2009-03-06,76.2,20.1
2009-03-09,75.92,19.75
2009-03-10,76.0,21.33
2009-03-11,76.16,21.27
2009-03-12,76.33,21.99
2009-03-13,76.27,22.13
2009-03-16,76.22,22.22
2009-03-17,76.05,22.73
2009-03-18,77.4,23.22
2009-03-19,77.35,23.06
2009-03-20,77.0,22.76
2009-03-23,76.82,24.76
2009-03-24,76.78,24.06
2009-03-25,76.52,24.44
2009-03-26,76.78,25.0
2009-03-27,76.97,24.3
2009-03-30,77.12,23.1
2009-03-31,77.15,23.56
2009-04-01,77.03,24.42
2009-04-02,76.88,25.8
2009-04-03,76.47,26.1
2009-04-06,76.55,25.76
2009-04-07,76.7,25.23
2009-04-08,77.06,25.65
2009-04-09,76.97,26.77
2009-04-13,77.09,26.96
2009-04-14,77.29,26.54
2009-04-15,77.4,26.89
2009-04-16,77.25,27.27
2009-04-17,76.84,27.01
2009-04-20,77.22,25.71
2009-04-21,77.07,26.36
2009-04-22,77.21,26.15
2009-04-23,77.27,26.65
2009-04-24,77.23,27.14
2009-04-27,77.4,26.23
2009-04-28,77.12,26.09
2009-04-29,77.01,27.5
2009-04-30,77.23,27.67
2009-05-01,76.83,28.17
2009-05-04,76.89,30.06
2009-05-05,76.88,29.66
2009-05-06,77.21,30.29
2009-05-07,76.94,29.46
2009-05-08,77.13,30.57
2009-05-11,77.45,29.88
2009-05-12,77.42,30.04
2009-05-13,77.65,29.0
2009-05-14,77.62,29.43
2009-05-15,77.6,29.2
2009-05-18,77.37,31.01
2009-05-19,77.54,31.22
2009-05-20,77.77,31.34
2009-05-21,77.37,30.82
2009-05-22,77.35,31.13
2009-05-26,77.19,31.4
2009-05-27,76.73,31.1
2009-05-28,76.93,32.06
2009-05-29,77.48,32.62
2009-06-01,76.69,33.89
2009-06-02,76.98,33.4
2009-06-03,77.24,32.34
2009-06-04,76.76,32.85
2009-06-05,76.24,32.9
2009-06-08,76.08,32.42
2009-06-09,76.29,32.45
2009-06-10,76.1,32.76
2009-06-11,76.47,33.37
2009-06-12,76.67,32.97
2009-06-15,76.82,31.78
2009-06-16,77.18,31.36
2009-06-17,77.14,31.12
2009-06-18,76.57,31.06
2009-06-19,76.75,31.19
2009-06-22,76.93,30.0
2009-06-23,77.28,30.19
2009-06-24,77.11,31.05
2009-06-25,77.64,31.82
2009-06-26,77.68,31.99
2009-06-29,77.82,32.19
2009-06-30,77.69,31.82
2009-07-01,77.38,32.49
2009-07-02,77.41,31.56
2009-07-06,77.35,31.63
2009-07-07,77.51,30.89
2009-07-08,78.04,30.54
2009-07-09,77.81,31.03
2009-07-10,78.09,30.65
2009-07-13,77.96,30.87
2009-07-14,77.73,31.17
2009-07-15,77.34,32.79
2009-07-16,77.68,32.79
2009-07-17,77.48,33.14
2009-07-20,77.73,34.16
2009-07-21,78.2,34.12
2009-07-22,78.03,34.05
2009-07-23,77.77,34.96
2009-07-24,77.8,34.86
2009-07-27,77.7,35.09
2009-07-28,77.78,34.91
2009-07-29,77.75,34.17
2009-07-30,78.1,35.08
2009-07-31,78.44,35.29
2009-08-03,77.93,36.63
2009-08-04,77.86,36.35
2009-08-05,77.68,36.04
2009-08-06,77.73,35.73
2009-08-07,77.19,35.98
2009-08-10,77.82,35.68
2009-08-11,77.97,35.04
2009-08-12,77.92,35.43
2009-08-13,78.12,36.03
2009-08-14,78.36,35.54
2009-08-17,78.58,34.08
2009-08-18,78.47,34.64
2009-08-19,78.56,34.82
2009-08-20,78.67,35.27
2009-08-21,78.42,35.93
2009-08-24,78.57,36.0
2009-08-25,78.7,35.95
2009-08-26,78.75,35.75
2009-08-27,78.66,35.69
2009-08-28,78.82,35.69
2009-08-31,78.97,35.04
2009-09-01,78.8,34.49
2009-09-02,78.97,34.9
2009-09-03,78.83,35.54
2009-09-04,78.75,36.24
2009-09-08,78.71,37.01
2009-09-09,78.84,37.09
2009-09-10,79.14,37.62
2009-09-11,79.18,37.5
2009-09-14,78.88,37.48
2009-09-15,78.94,37.88
2009-09-16,78.96,38.89
2009-09-17,79.19,38.55
2009-09-18,79.1,38.68
2009-09-21,79.04,38.32
2009-09-22,78.94,39.01
2009-09-23,79.17,38.41
2009-09-24,79.21,37.65
2009-09-25,79.46,37.93
2009-09-28,79.5,38.4
2009-09-29,79.5,38.35
2009-09-30,79.5,38.53
2009-10-01,79.61,37.56
2009-10-02,79.37,37.65
2009-10-05,79.49,38.48
2009-10-06,79.58,39.11
2009-10-07,79.62,39.02
2009-10-08,79.59,39.62
2009-10-09,79.01,39.83
2009-10-12,79.28,40.07
2009-10-13,79.34,40.08
2009-10-14,79.0,41.36
2009-10-15,79.02,41.18
2009-10-16,79.05,40.58
2009-10-19,79.16,41.33
2009-10-20,79.32,40.69
2009-10-21,79.31,40.55
2009-10-22,79.24,40.87
2009-10-23,79.0,40.48
2009-10-26,78.9,40.11
2009-10-27,79.18,39.45
2009-10-28,79.1,37.75
2009-10-29,79.14,39.35
2009-10-30,79.47,37.6
2009-11-02,79.15,38.32
2009-11-03,79.01,37.94
2009-11-04,78.99,38.92
2009-11-05,79.06,39.73
2009-11-06,79.08,39.6
2009-11-09,79.24,40.97
2009-11-10,79.27,40.68
2009-11-11,79.47,40.94
2009-11-12,79.56,40.07
2009-11-13,79.51,40.78
2009-11-16,79.71,41.76
2009-11-17,79.69,41.61
2009-11-18,79.71,41.27
2009-11-19,79.77,40.59
2009-11-20,79.73,40.55
2009-11-23,79.79,41.24
2009-11-24,79.99,41.1
2009-11-25,80.15,41.44
2009-11-27,80.29,39.93
2009-11-30,80.25,40.3
2009-12-01,79.89,41.31
2009-12-02,79.78,41.5
2009-12-03,79.7,41.19
2009-12-04,79.37,41.45
2009-12-07,79.58,41.12
2009-12-08,79.71,40.51
2009-12-09,79.63,40.77
2009-12-10,79.52,40.86
2009-12-11,79.43,41.07
2009-12-14,79.36,41.28
2009-12-15,79.29,41.03
2009-12-16,79.33,41.14
2009-12-17,79.55,40.0
2009-12-18,79.53,40.17
2009-12-21,79.16,40.1
2009-12-22,78.99,40.36
2009-12-23,78.98,40.7
2009-12-24,78.66,40.64
2009-12-28,78.49,40.82
2009-12-29,78.54,40.78
2009-12-30,78.65,40.88
2009-12-31,78.59,41.0
2010-01-04,78.68,42.4
2010-01-05,78.91,42.54
2010-01-06,78.88,42.8
2010-01-07,78.82,42.43
2010-01-08,78.9,42.69
2010-01-11,78.93,42.75
2010-01-12,79.23,42.13
2010-01-13,79.05,42.3
2010-01-14,79.24,42.2
2010-01-15,79.29,41.7
2010-01-19,79.25,42.42
2010-01-20,79.44,41.38
2010-01-21,79.53,40.18
2010-01-22,79.5,39.28
2010-01-25,79.39,39.66
2010-01-26,79.58,38.9
2010-01-27,79.47,38.79
2010-01-28,79.5,38.64
2010-01-29,79.6,38.24
2010-02-01,79.3,39.34
2010-02-02,79.35,39.53
2010-02-03,79.3,39.42
2010-02-04,79.45,37.62
2010-02-05,79.58,37.55
2010-02-08,79.59,36.85
2010-02-09,79.43,37.98
2010-02-10,79.25,37.86
2010-02-11,79.12,38.79
2010-02-12,79.23,38.36
2010-02-16,79.33,39.34
2010-02-17,79.15,39.49
2010-02-18,79.04,39.57
2010-02-19,79.04,39.31
2010-02-22,79.01,39.33
2010-02-23,79.31,38.45
2010-02-24,79.41,38.93
2010-02-25,79.52,38.62
2010-02-26,79.61,38.96
2010-03-01,79.46,39.61
2010-03-02,79.52,40.06
2010-03-03,79.53,40.16
2010-03-04,79.59,39.9
2010-03-05,79.47,41.06
2010-03-08,79.34,41.05
2010-03-09,79.39,41.22
2010-03-10,79.33,41.3
2010-03-11,79.32,41.46
2010-03-12,79.35,41.35
2010-03-15,79.46,41.07
2010-03-16,79.6,41.55
2010-03-17,79.62,41.97
2010-03-18,79.48,41.7
2010-03-19,79.54,41.29
2010-03-22,79.62,41.39
2010-03-23,79.62,41.72
2010-03-24,79.22,41.16
2010-03-25,78.97,40.95
2010-03-26,79.14,41.24
2010-03-29,78.97,41.99
2010-03-30,79.13,42.13
2010-03-31,79.2,42.15
2010-04-01,78.93,43.16
2010-04-05,78.47,43.59
2010-04-06,78.53,43.68
2010-04-07,78.83,43.34
2010-04-08,78.79,43.45
2010-04-09,78.94,43.68
2010-04-12,79.02,43.32
2010-04-13,79.18,43.29
2010-04-14,79.12,43.97
2010-04-15,79.24,43.7
2010-04-16,79.41,42.55
2010-04-19,79.31,42.35
2010-04-20,79.39,42.84
2010-04-21,79.45,42.67
2010-04-22,79.4,42.86
2010-04-23,79.34,43.08
2010-04-26,79.3,43.1
2010-04-27,79.59,41.57
2010-04-28,79.54,41.98
2010-04-29,79.57,42.6
2010-04-30,79.8,42.06
2010-05-03,79.52,42.32
2010-05-04,79.75,40.58
2010-05-05,79.79,39.83
2010-05-06,80.1,38.37
2010-05-07,79.9,38.41
2010-05-10,79.81,40.93
2010-05-11,79.92,40.21
2010-05-12,79.7,40.77
2010-05-13,79.85,40.37
2010-05-14,80.12,39.67
2010-05-17,80.13,39.48
2010-05-18,80.43,38.63
2010-05-19,80.45,38.15
2010-05-20,80.59,36.42
2010-05-21,80.7,37.41
2010-05-24,80.69,37.0
2010-05-25,80.71,36.66
2010-05-26,80.61,36.66
2010-05-27,80.3,38.78
2010-05-28,80.46,38.2
2010-06-01,80.28,37.52
2010-06-02,80.21,38.85
2010-06-03,80.12,38.69
2010-06-04,80.34,37.41
2010-06-07,80.59,36.89
2010-06-08,80.56,37.69
2010-06-09,80.56,37.43
2010-06-10,80.23,38.6
2010-06-11,80.36,38.87
2010-06-14,80.38,38.84
2010-06-15,80.24,40.02
2010-06-16,80.43,39.97
2010-06-17,80.65,39.83
2010-06-18,80.62,40.06
2010-06-21,80.64,40.8
2010-06-22,80.83,40.03
2010-06-23,81.03,40.21
2010-06-24,80.92,39.61
2010-06-25,81.02,40.05
2010-06-28,81.17,39.84
2010-06-29,81.36,38.31
2010-06-30,81.38,37.99
2010-07-01,81.19,38.22
2010-07-02,81.14,38.3
2010-07-06,81.34,38.96
2010-07-07,81.24,39.72
2010-07-08,81.18,39.98
2010-07-09,81.09,40.48
2010-07-12,81.12,40.17
2010-07-13,80.98,40.65
2010-07-14,81.19,40.59
2010-07-15,81.27,40.49
2010-07-16,81.54,39.37
2010-07-19,81.45,39.87
2010-07-20,81.44,40.63
2010-07-21,81.73,40.27
2010-07-22,81.64,41.32
2010-07-23,81.5,41.65
2010-07-26,81.54,41.91
2010-07-27,81.5,41.81
2010-07-28,81.64,41.61
2010-07-29,81.73,41.73
2010-07-30,81.85,41.87
2010-08-02,81.6,42.96
2010-08-03,81.83,42.75
2010-08-04,81.66,42.89
2010-08-05,81.79,42.74
2010-08-06,82.03,42.64
2010-08-09,81.93,42.88
2010-08-10,82.1,42.28
2010-08-11,82.16,41.03
2010-08-12,82.01,41.07
2010-08-13,82.24,41.31
2010-08-16,82.55,41.64
2010-08-17,82.43,42.1
2010-08-18,82.38,42.03
2010-08-19,82.57,41.73
2010-08-20,82.46,41.68
2010-08-23,82.51,41.31
2010-08-24,82.8,40.86
2010-08-25,82.69,40.68
2010-08-26,82.76,40.39
2010-08-27,82.38,41.21
2010-08-30,82.75,40.6
2010-08-31,82.89,40.8
2010-09-01,82.4,42.16
2010-09-02,82.24,42.18
2010-09-03,82.09,42.65
2010-09-07,82.44,42.07
2010-09-08,82.21,42.5
2010-09-09,81.9,42.71
2010-09-10,81.8,42.93
2010-09-13,82.01,43.83
2010-09-14,82.13,43.85
2010-09-15,82.05,43.88
2010-09-16,81.92,43.68
2010-09-17,82.0,43.66
2010-09-20,82.06,44.36
2010-09-21,82.36,44.33
2010-09-22,82.43,44.34
2010-09-23,82.45,44.1
2010-09-24,82.26,44.87
2010-09-27,82.61,44.78
2010-09-28,82.79,45.08
2010-09-29,82.7,45.24
2010-09-30,82.66,45.46
2010-10-01,82.37,46.17
2010-10-04,82.58,46.13
2010-10-05,82.6,46.81
2010-10-06,82.79,46.9
2010-10-07,82.93,46.45
2010-10-08,82.83,46.94
2010-10-11,82.8,46.92
2010-10-12,82.72,46.72
2010-10-13,82.85,47.46
2010-10-14,82.53,47.52
2010-10-15,82.34,47.42
2010-10-18,82.65,47.39
2010-10-19,82.77,45.93
2010-10-20,82.74,46.71
2010-10-21,82.67,46.66
2010-10-22,82.62,46.78
2010-10-25,82.67,47.29
2010-10-26,82.44,47.29
2010-10-27,82.27,46.51
2010-10-28,82.55,46.75
2010-10-29,82.7,46.87
2010-11-01,82.47,47.36
2010-11-02,82.61,47.92
2010-11-03,82.7,48.25
2010-11-04,82.96,49.32
2010-11-05,82.61,49.24
2010-11-08,82.63,49.0
2010-11-09,82.21,48.47
2010-11-10,82.18,48.73
2010-11-11,82.21,48.36
2010-11-12,81.84,47.22
2010-11-15,81.45,47.16
2010-11-16,81.72,45.9
2010-11-17,81.74,46.1
2010-11-18,81.74,47.15
2010-11-19,81.76,47.21
2010-11-22,82.0,47.11
2010-11-23,82.02,45.6
2010-11-24,81.63,46.6
2010-11-26,81.82,45.6
2010-11-29,81.88,45.86
2010-11-30,81.91,45.54
2010-12-01,81.19,46.91
2010-12-02,81.12,47.65
2010-12-03,81.25,47.81
2010-12-06,81.52,47.79
2010-12-07,80.93,47.57
2010-12-08,80.51,47.28
2010-12-09,80.58,47.17
2010-12-10,80.32,47.38
2010-12-13,80.53,47.63
2010-12-14,80.02,47.68
2010-12-15,79.77,46.98
2010-12-16,79.95,47.25
2010-12-17,80.44,47.21
2010-12-20,80.49,47.07
2010-12-21,80.58,47.68
2010-12-22,80.49,47.05
2010-12-23,80.4,46.98
2010-12-27,80.04,46.89
2010-12-28,79.52,46.93
2010-12-29,79.99,47.5
2010-12-30,80.0,47.84
2010-12-31,80.27,48.15
2011-01-03,80.17,48.62
2011-01-04,80.18,48.81
2011-01-05,79.83,48.63
2011-01-06,79.9,48.2
2011-01-07,80.2,47.75
2011-01-10,80.39,47.26
2011-01-11,80.23,47.79
2011-01-12,80.18,48.88
2011-01-13,80.43,48.33
2011-01-14,80.32,48.46
2011-01-18,80.24,48.45
2011-01-19,80.34,48.05
2011-01-20,80.04,47.63
2011-01-21,80.2,47.16
2011-01-24,80.19,47.48
2011-01-25,80.4,47.2
2011-01-26,80.12,47.64
2011-01-27,80.28,47.48
2011-01-28,80.45,46.01
2011-01-31,80.34,46.49
2011-02-01,79.96,47.49
2011-02-02,79.87,47.12
2011-02-03,79.6,47.08
2011-02-04,79.33,47.06
2011-02-07,79.34,46.93
2011-02-08,79.09,46.8
2011-02-09,79.28,45.89
2011-02-10,79.03,45.43
2011-02-11,79.3,45.92
2011-02-14,79.39,45.9
2011-02-15,79.5,45.99
2011-02-16,79.53,46.4
2011-02-17,79.65,46.61
2011-02-18,79.65,46.9
2011-02-22,79.95,45.33
2011-02-23,79.94,45.29
2011-02-24,80.02,45.39
2011-02-25,80.24,46.01
2011-02-28,80.35,46.41
2011-03-01,80.1,45.93
2011-03-02,79.94,46.57
2011-03-03,79.62,47.44
2011-03-04,79.89,47.39
2011-03-07,79.88,46.82
2011-03-08,79.81,47.34
2011-03-09,79.95,47.35
2011-03-10,80.32,46.04
2011-03-11,80.33,46.37
2011-03-14,80.41,46.72
2011-03-15,80.46,45.98
2011-03-16,80.84,44.99
2011-03-17,80.72,45.6
2011-03-18,80.71,45.74
2011-03-21,80.48,46.56
2011-03-22,80.45,46.6
2011-03-23,80.42,47.21
2011-03-24,80.29,47.79
2011-03-25,80.18,47.79
2011-03-28,80.11,47.51
2011-03-29,79.97,47.98
2011-03-30,80.11,48.57
2011-03-31,80.02,48.95
2011-04-01,79.89,49.75
2011-04-04,79.99,50.21
2011-04-05,79.81,50.07
2011-04-06,79.69,50.3
2011-04-07,79.67,50.29
2011-04-08,79.62,50.37
2011-04-11,79.63,49.8
2011-04-12,79.91,48.91
2011-04-13,80.06,49.24
2011-04-14,80.02,49.53
2011-04-15,80.27,49.55
2011-04-18,80.36,48.4
2011-04-19,80.49,49.05
2011-04-20,80.38,50.28
2011-04-21,80.44,50.71
2011-04-25,80.49,50.28
2011-04-26,80.74,50.67
2011-04-27,80.7,50.66
2011-04-28,80.85,50.24
2011-04-29,80.96,50.6
2011-05-02,80.76,50.52
2011-05-03,80.85,49.49
2011-05-04,80.95,48.6
2011-05-05,81.13,48.09
2011-05-06,81.19,48.74
2011-05-09,81.26,48.87
2011-05-10,81.05,49.29
2011-05-11,81.15,48.39
2011-05-12,81.07,48.39
2011-05-13,81.19,47.42
2011-05-16,81.38,47.41
2011-05-17,81.51,47.63
2011-05-18,81.28,48.32
2011-05-19,81.25,48.08
2011-05-20,81.32,47.71
2011-05-23,81.37,46.73
2011-05-24,81.42,47.13
2011-05-25,81.45,47.24
2011-05-26,81.56,47.82
2011-05-27,81.59,48.3
2011-05-31,81.69,49.11
2011-06-01,81.86,48.4
2011-06-02,81.53,48.82
2011-06-03,81.67,48.52
2011-06-06,81.62,47.87
2011-06-07,81.72,48.25
2011-06-08,81.88,47.94
2011-06-09,81.69,48.21
2011-06-10,81.79,47.22
2011-06-13,81.71,47.13
2011-06-14,81.37,47.8
2011-06-15,81.7,46.86
2011-06-16,81.75,46.49
2011-06-17,81.83,46.57
2011-06-20,81.73,46.44
2011-06-21,81.75,47.25
2011-06-22,81.77,46.88
2011-06-23,81.97,46.64
2011-06-24,82.05,46.64
2011-06-27,81.81,47.06
2011-06-28,81.51,47.67
2011-06-29,81.33,48.07
2011-06-30,81.16,48.62
2011-07-01,80.98,49.18
2011-07-05,81.25,49.05
2011-07-06,81.3,48.92
2011-07-07,81.13,49.51
2011-07-08,81.55,49.0
2011-07-11,81.79,47.6
2011-07-12,81.87,47.18
2011-07-13,81.98,47.89
2011-07-14,81.67,47.46
2011-07-15,81.82,47.73
2011-07-18,81.71,47.19
2011-07-19,81.93,47.87
2011-07-20,81.8,47.97
2011-07-21,81.62,48.64
2011-07-22,81.84,48.68
2011-07-25,81.57,48.62
2011-07-26,81.77,48.83
2011-07-27,81.6,48.06
2011-07-28,81.84,48.11
2011-07-29,82.26,48.32
2011-08-01,82.3,48.28
2011-08-02,82.65,46.87
2011-08-03,82.71,46.66
2011-08-04,83.21,43.99
2011-08-05,82.67,43.65
2011-08-08,83.06,40.13
2011-08-09,83.35,42.27
2011-08-10,84.01,40.09
2011-08-11,83.2,42.4
2011-08-12,83.47,42.37
2011-08-15,83.33,43.39
2011-08-16,83.58,42.91
2011-08-17,83.73,43.2
2011-08-18,83.91,41.37
2011-08-19,83.99,40.74
2011-08-22,83.8,40.7
2011-08-23,83.55,42.1
2011-08-24,83.07,41.81
2011-08-25,83.3,40.99
2011-08-26,83.4,41.6
2011-08-29,83.2,42.94
2011-08-30,83.51,43.0
2011-08-31,83.4,43.93
2011-09-01,83.54,43.72
2011-09-02,83.77,42.79
2011-09-06,83.89,42.28
2011-09-07,83.7,43.52
2011-09-08,83.81,42.63
2011-09-09,83.88,41.15
2011-09-12,83.63,41.0
2011-09-13,83.54,41.06
2011-09-14,83.72,40.89
2011-09-15,83.56,41.43
2011-09-16,83.53,41.53
2011-09-19,83.79,40.36
2011-09-20,83.9,40.21
2011-09-21,84.13,38.68
2011-09-22,84.33,36.0
2011-09-23,84.05,36.79
2011-09-26,83.79,37.15
2011-09-27,83.62,38.32
2011-09-28,83.44,37.38
2011-09-29,83.43,37.82
2011-09-30,83.74,35.83
2011-10-03,84.0,35.2
2011-10-04,83.67,35.65
2011-10-05,83.31,36.27
2011-10-06,83.26,37.48
2011-10-07,83.08,37.01
2011-10-10,82.96,38.68
2011-10-11,82.92,38.79
2011-10-12,82.9,39.87
2011-10-13,83.0,39.58
2011-10-14,82.85,40.22
2011-10-17,83.14,38.99
2011-10-18,83.05,39.99
2011-10-19,83.27,39.3
2011-10-20,83.23,38.53
2011-10-21,83.1,39.6
2011-10-24,83.16,41.06
2011-10-25,83.59,40.3
2011-10-26,83.38,41.02
2011-10-27,82.95,43.47
2011-10-28,83.25,43.23
2011-10-31,83.62,41.53
2011-11-01,84.03,40.61
2011-11-02,83.98,41.7
2011-11-03,83.77,42.16
2011-11-04,83.89,41.98
2011-11-07,83.91,42.28
2011-11-08,83.65,42.81
2011-11-09,83.75,40.46
2011-11-10,83.65,40.67
2011-11-11,83.59,41.6
2011-11-14,83.6,41.11
2011-11-15,83.55,41.32
2011-11-16,83.71,40.35
2011-11-17,83.67,39.35
2011-11-18,83.62,39.44
2011-11-21,83.6,38.22
2011-11-22,83.69,38.29
2011-11-23,83.78,37.18
2011-11-25,83.66,37.01
2011-11-28,83.66,38.64
2011-11-29,83.54,38.43
2011-11-30,83.36,40.82
2011-12-01,83.13,40.74
2011-12-02,83.4,40.64
2011-12-05,83.41,41.31
2011-12-06,83.3,40.7
2011-12-07,83.41,40.93
2011-12-08,83.6,39.54
2011-12-09,83.4,40.2
2011-12-12,83.49,38.78
2011-12-13,83.7,38.45
2011-12-14,83.86,37.9
2011-12-15,83.82,38.13
2011-12-16,84.05,38.4
2011-12-19,84.02,37.41
2011-12-20,83.85,38.89
2011-12-21,83.62,38.18
2011-12-22,83.78,38.56
2011-12-23,83.29,38.73
2011-12-27,83.09,38.42
2011-12-28,83.41,37.77
2011-12-29,83.48,38.16
2011-12-30,83.54,38.21
2012-01-03,83.28,39.33
2012-01-04,83.32,39.22
2012-01-05,83.29,39.03
2012-01-06,83.34,38.57
2012-01-09,83.41,38.88
2012-01-10,83.37,39.75
2012-01-11,83.57,39.76
2012-01-12,83.45,39.96
2012-01-13,83.7,39.62
2012-01-17,83.63,40.27
2012-01-18,83.61,41.26
2012-01-19,83.53,41.65
2012-01-20,83.37,41.7
2012-01-23,83.27,41.92
2012-01-24,83.29,42.0
2012-01-25,83.53,42.49
2012-01-26,83.75,42.32
2012-01-27,83.9,42.63
2012-01-30,84.0,41.99
2012-01-31,84.07,42.33
2012-02-01,83.78,43.31
2012-02-02,83.91,43.48
2012-02-03,83.8,44.21
2012-02-06,83.84,43.8
2012-02-07,83.73,43.89
2012-02-08,83.63,44.23
2012-02-09,83.64,44.21
2012-02-10,83.69,43.28
2012-02-13,83.69,43.93
2012-02-14,83.8,43.61
2012-02-15,83.69,43.73
2012-02-16,83.7,44.17
2012-02-17,83.51,44.28
2012-02-21,83.46,44.1
2012-02-22,83.74,44.25
2012-02-23,83.78,44.15
2012-02-24,83.84,44.51
2012-02-27,83.99,44.15
2012-02-28,83.98,44.71
2012-02-29,83.9,44.63
2012-03-01,83.57,45.09
2012-03-02,83.74,44.97
2012-03-05,83.57,44.3
2012-03-06,83.71,42.74
2012-03-07,83.73,43.25
2012-03-08,83.6,44.2
2012-03-09,83.52,44.16
2012-03-12,83.58,43.75
2012-03-13,83.33,44.87
2012-03-14,82.84,44.11
2012-03-15,82.86,44.47
2012-03-16,82.85,44.45
2012-03-19,82.63,44.2
2012-03-20,82.65,43.58
2012-03-21,82.89,43.68
2012-03-22,83.01,43.0
2012-03-23,83.16,43.31
2012-03-26,83.15,43.98
2012-03-27,83.29,43.78
2012-03-28,83.27,43.16
2012-03-29,83.45,43.02
2012-03-30,83.28,43.47
2012-04-02,83.0,43.96
2012-04-03,82.69,43.79
2012-04-04,82.92,42.92
2012-04-05,83.08,43.17
2012-04-09,83.37,42.54
2012-04-10,83.61,41.72
2012-04-11,83.49,42.14
2012-04-12,83.5,43.21
2012-04-13,83.71,42.57
2012-04-16,83.71,42.37
2012-04-17,83.7,42.81
2012-04-18,83.76,42.62
2012-04-19,83.74,42.48
2012-04-20,83.73,42.75
2012-04-23,83.83,41.97
2012-04-24,83.73,42.04
2012-04-25,83.71,42.4
2012-04-26,83.82,42.66
2012-04-27,83.87,42.68
2012-04-30,83.92,42.56
2012-05-01,83.61,42.85
2012-05-02,83.74,42.81
2012-05-03,83.85,42.4
2012-05-04,83.94,41.7
2012-05-07,83.91,41.79
2012-05-08,83.99,41.19
2012-05-09,83.94,40.63
2012-05-10,83.89,40.84
2012-05-11,83.95,40.28
2012-05-14,84.1,39.37
2012-05-15,84.12,39.07
2012-05-16,84.07,38.45
2012-05-17,84.14,37.95
2012-05-18,84.09,37.71
2012-05-21,84.1,38.58
2012-05-22,83.96,38.27
2012-05-23,84.02,37.96
2012-05-24,83.93,37.73
2012-05-25,84.03,37.57
2012-05-29,84.03,38.61
2012-05-30,84.35,37.9
2012-05-31,84.51,38.02
2012-06-01,84.62,37.08
2012-06-04,84.41,37.22
2012-06-05,84.24,37.36
2012-06-06,84.08,38.41
2012-06-07,84.11,38.59
2012-06-08,84.16,38.27
2012-06-11,84.23,37.8
2012-06-12,84.1,38.59
2012-06-13,84.28,38.4
2012-06-14,84.23,38.62
2012-06-15,84.42,39.24
2012-06-18,84.43,39.39
2012-06-19,84.32,39.99
2012-06-20,84.16,39.93
2012-06-21,84.3,38.47
2012-06-22,84.13,38.63
2012-06-25,84.35,37.93
2012-06-26,84.26,38.27
2012-06-27,84.35,38.48
2012-06-28,84.44,38.32
2012-06-29,84.38,39.93
2012-07-02,84.37,39.97
2012-07-03,84.25,40.7
2012-07-05,84.49,40.35
2012-07-06,84.57,39.62
2012-07-09,84.73,39.44
2012-07-10,84.81,39.05
2012-07-11,84.69,39.23
2012-07-12,84.85,38.61
2012-07-13,84.86,39.33
2012-07-16,84.91,39.25
2012-07-17,84.88,39.72
2012-07-18,85.02,39.58
2012-07-19,85.0,39.98
2012-07-20,85.16,39.38
2012-07-23,85.2,38.42
2012-07-24,85.3,38.26
2012-07-25,85.36,38.42
2012-07-26,85.3,39.24
2012-07-27,84.98,40.39
2012-07-30,85.14,40.15
2012-07-31,85.23,40.01
2012-08-01,84.94,40.14
2012-08-02,85.1,39.58
2012-08-03,84.79,40.76
2012-08-06,84.87,41.01
2012-08-07,84.65,41.09
2012-08-08,84.63,41.21
2012-08-09,84.58,41.41
2012-08-10,84.68,41.6
2012-08-13,84.69,41.26
2012-08-14,84.48,41.27
2012-08-15,84.18,41.16
2012-08-16,84.09,41.58
2012-08-17,84.23,41.35
2012-08-20,84.19,41.35
2012-08-21,84.34,41.26
2012-08-22,84.68,41.29
2012-08-23,84.72,40.92
2012-08-24,84.72,40.95
2012-08-27,84.85,40.54
2012-08-28,84.88,40.47
2012-08-29,84.81,40.27
2012-08-30,84.88,39.78
2012-08-31,85.18,40.11
2012-09-04,84.94,39.92
2012-09-05,84.94,39.71
2012-09-06,84.74,40.56
2012-09-07,84.74,41.51
2012-09-10,84.76,41.01
2012-09-11,84.65,41.46
2012-09-12,84.53,41.64
2012-09-13,84.7,42.7
2012-09-14,84.28,43.22
2012-09-17,84.4,42.84
2012-09-18,84.5,42.81
2012-09-19,84.61,42.8
2012-09-20,84.63,42.59
2012-09-21,84.72,42.65
2012-09-24,84.81,42.11
2012-09-25,84.98,41.5
2012-09-26,85.12,41.31
2012-09-27,85.07,41.97
2012-09-28,85.15,41.72
2012-10-01,85.04,42.16
2012-10-02,85.04,42.13
2012-10-03,85.01,41.91
2012-10-04,84.87,42.3
2012-10-05,84.78,42.27
2012-10-08,84.89,41.88
2012-10-09,84.74,41.54
2012-10-10,84.87,41.33
2012-10-11,84.94,41.72
2012-10-12,85.0,41.6
2012-10-15,84.97,41.88
2012-10-16,84.8,42.25
2012-10-17,84.59,42.58
2012-10-18,84.55,42.47
2012-10-19,84.68,41.81
2012-10-22,84.56,42.24
2012-10-23,84.75,41.36
2012-10-24,84.7,41.43
2012-10-25,84.57,41.84
2012-10-26,84.75,41.55
2012-10-31,84.89,41.49
2012-11-01,84.76,42.1
2012-11-02,84.79,41.84
2012-11-05,84.92,42.04
2012-11-06,84.65,42.31
2012-11-07,84.85,41.67
2012-11-08,84.98,41.16
2012-11-09,84.9,41.31
2012-11-12,85.03,41.43
2012-11-13,85.02,41.04
2012-11-14,85.0,40.44
2012-11-15,84.99,40.58
2012-11-16,84.95,40.68
2012-11-19,84.95,41.4
2012-11-20,84.82,41.3
2012-11-21,84.73,41.24
2012-11-23,84.75,41.88
2012-11-26,84.73,41.94
2012-11-27,84.9,41.59
2012-11-28,84.95,41.79
2012-11-29,85.0,42.08
2012-11-30,84.94,42.01
2012-12-03,84.84,42.03
2012-12-04,84.91,42.14
2012-12-05,84.97,42.62
2012-12-06,84.97,42.89
2012-12-07,84.81,43.04
2012-12-10,84.86,43.33
2012-12-11,84.79,43.55
2012-12-12,84.66,43.72
2012-12-13,84.49,43.51
2012-12-14,84.54,43.73
2012-12-17,84.39,43.83
2012-12-18,84.2,44.11
2012-12-19,84.38,44.05
2012-12-20,84.4,43.9
2012-12-21,84.52,43.42
2012-12-24,83.95,43.33
2012-12-26,84.01,43.44
2012-12-27,84.09,43.75
2012-12-28,84.11,43.88
2012-12-31,84.03,44.53
2013-01-02,83.9,45.47
2013-01-03,83.65,45.2
2013-01-04,83.78,45.28
2013-01-07,83.72,44.89
2013-01-08,83.8,44.52
2013-01-09,83.77,44.78
2013-01-10,83.77,45.18
2013-01-11,83.83,44.84
2013-01-14,83.83,45.02
2013-01-15,83.94,44.85
2013-01-16,83.93,44.77
2013-01-17,83.79,45.08
2013-01-18,83.92,45.13
2013-01-22,83.84,45.08
2013-01-23,83.97,44.8
2013-01-24,83.85,44.67
2013-01-25,83.58,44.56
2013-01-28,83.48,44.23
2013-01-29,83.39,44.75
2013-01-30,83.3,44.52
2013-01-31,83.45,44.56
2013-02-01,83.05,44.86
2013-02-04,83.34,44.28
2013-02-05,83.2,44.41
2013-02-06,83.4,44.3
2013-02-07,83.41,43.94
2013-02-08,83.39,44.29
2013-02-11,83.29,44.27
2013-02-12,83.31,44.34
2013-02-13,83.2,44.52
2013-02-14,83.32,44.48
2013-02-15,83.25,44.41
2013-02-19,83.22,44.43
2013-02-20,83.28,44.02
2013-02-21,83.36,43.52
2013-02-22,83.4,43.69
2013-02-25,83.67,43.04
2013-02-26,83.71,43.33
2013-02-27,83.69,43.72
2013-02-28,83.73,43.51
2013-03-01,83.62,43.57
2013-03-04,83.6,43.19
2013-03-05,83.55,43.67
2013-03-06,83.41,43.91
2013-03-07,83.29,44.02
2013-03-08,83.06,44.42
2013-03-11,83.02,44.22
2013-03-12,83.18,43.77
2013-03-13,83.08,43.35
2013-03-14,83.11,43.57
2013-03-15,83.21,43.21
2013-03-18,83.37,42.73
2013-03-19,83.42,42.4
2013-03-20,83.34,42.65
2013-03-21,83.36,42.26
2013-03-22,83.44,42.33
2013-03-25,83.43,42.24
2013-03-26,83.46,42.72
2013-03-27,83.63,42.88
2013-03-28,83.64,42.9
2013-04-01,83.41,42.52
2013-04-02,83.42,42.56
2013-04-03,83.47,42.03
2013-04-04,83.71,42.02
2013-04-05,83.94,41.96
2013-04-08,83.9,42.07
2013-04-09,83.81,42.51
2013-04-10,83.65,42.88
2013-04-11,83.69,42.87
2013-04-12,83.89,42.34
2013-04-15,83.98,41.23
2013-04-16,83.96,42.14
2013-04-17,84.0,41.53
2013-04-18,84.05,41.62
2013-04-19,83.98,42.22
2013-04-22,84.09,42.33
2013-04-23,84.07,42.54
2013-04-24,84.05,42.81
2013-04-25,84.0,43.17
2013-04-26,84.11,42.77
2013-04-29,84.18,43.22
2013-04-30,84.18,43.76
2013-05-01,84.16,43.3
2013-05-02,84.18,43.7
2013-05-03,83.78,44.0
2013-05-06,83.77,44.05
2013-05-07,83.69,44.4
2013-05-08,83.77,44.79
2013-05-09,83.64,44.44
2013-05-10,83.43,44.27
2013-05-13,83.34,43.87
2013-05-14,83.18,44.08
2013-05-15,83.28,44.04
2013-05-16,83.4,43.87
2013-05-17,83.22,44.02
2013-05-20,83.2,44.12
2013-05-21,83.28,44.09
2013-05-22,83.0,43.59
2013-05-23,82.99,43.27
2013-05-24,83.0,42.83
2013-05-28,82.54,43.05
2013-05-29,82.61,42.45
2013-05-30,82.54,42.35
2013-05-31,82.4,41.54
2013-06-03,82.16,42.2
2013-06-04,82.13,41.72
2013-06-05,82.1,40.87
2013-06-06,82.21,41.29
2013-06-07,82.0,41.11
2013-06-10,81.79,40.53
2013-06-11,81.83,39.73
2013-06-12,81.67,39.46
2013-06-13,82.03,40.37
2013-06-14,82.12,39.79
2013-06-17,82.06,40.07
2013-06-18,81.99,40.16
2013-06-19,81.51,38.88
2013-06-20,80.77,37.19
2013-06-21,80.44,37.85
2013-06-24,80.05,36.5
2013-06-25,80.24,37.2
2013-06-26,80.52,37.99
2013-06-27,80.84,38.57
2013-06-28,80.88,38.79
2013-07-01,80.85,38.86
2013-07-02,80.87,38.2
2013-07-03,80.81,37.9
2013-07-05,79.91,37.72
2013-07-08,80.27,37.78
2013-07-09,80.36,38.23
2013-07-10,80.16,37.86
2013-07-11,80.7,39.62
2013-07-12,80.59,39.2
2013-07-15,80.81,39.71
2013-07-16,80.93,39.78
2013-07-17,81.11,40.11
2013-07-18,80.98,39.72
2013-07-19,81.19,39.55
2013-07-22,81.24,39.97
2013-07-23,81.22,40.41
2013-07-24,80.96,39.92
2013-07-25,80.93,40.19
2013-07-26,80.99,40.06
2013-07-29,80.98,39.56
2013-07-30,80.93,39.29
2013-07-31,81.02,39.06
2013-08-01,80.46,39.78
2013-08-02,80.72,39.8
2013-08-05,80.75,39.5
2013-08-06,80.7,39.01
2013-08-07,80.82,38.56
2013-08-08,80.86,39.42
2013-08-09,80.96,39.58
2013-08-12,80.81,39.9
2013-08-13,80.53,40.06
2013-08-14,80.49,40.18
2013-08-15,80.2,39.71
2013-08-16,79.99,39.28
2013-08-19,79.76,38.51
2013-08-20,79.99,38.46
2013-08-21,79.68,37.61
2013-08-22,79.76,38.22
2013-08-23,79.99,38.67
2013-08-26,80.13,38.21
2013-08-27,80.33,37.22
2013-08-28,80.19,37.19
2013-08-29,80.27,37.41
2013-08-30,80.16,37.72
2013-09-03,79.81,37.94
2013-09-04,79.71,38.53
2013-09-05,79.16,39.05
2013-09-06,79.46,39.58
2013-09-09,79.66,40.74
2013-09-10,79.49,41.06
2013-09-11,79.71,41.12
2013-09-12,79.69,40.58
2013-09-13,79.82,40.88
2013-09-16,79.92,41.33
2013-09-17,79.99,41.3
2013-09-18,80.63,42.97
2013-09-19,80.54,42.79
2013-09-20,80.53,41.78
2013-09-23,80.59,41.65
2013-09-24,80.76,41.23
2013-09-25,80.93,40.99
2013-09-26,80.81,41.1
2013-09-27,80.83,40.51
2013-09-30,80.88,40.13
2013-10-01,80.61,40.93
2013-10-02,80.7,41.06
2013-10-03,80.74,40.95
2013-10-04,80.65,41.5
2013-10-07,80.71,41.13
2013-10-08,80.68,40.74
2013-10-09,80.63,41.06
2013-10-10,80.65,41.98
2013-10-11,80.68,42.15
2013-10-14,80.52,42.42
2013-10-15,80.5,41.91
2013-10-16,80.84,42.21
2013-10-17,81.12,42.5
2013-10-18,81.21,42.49
2013-10-21,81.11,42.51
2013-10-22,81.37,42.91
2013-10-23,81.41,41.97
2013-10-24,81.41,41.88
2013-10-25,81.5,42.12
2013-10-28,81.43,42.24
2013-10-29,81.48,42.36
2013-10-30,81.4,42.15
2013-10-31,81.4,41.87
2013-11-01,81.0,41.85
2013-11-04,81.05,42.12
2013-11-05,80.81,41.28
2013-11-06,80.95,41.43
2013-11-07,81.11,40.71
2013-11-08,80.58,40.57
2013-11-11,80.51,40.38
2013-11-12,80.47,40.1
2013-11-13,80.69,40.26
2013-11-14,80.92,40.92
2013-11-15,80.95,41.61
2013-11-18,81.1,42.02
2013-11-19,80.94,41.62
2013-11-20,80.72,41.1
2013-11-21,80.72,41.09
2013-11-22,80.9,41.35
2013-11-25,80.96,40.85
2013-11-26,80.97,40.88
2013-11-27,80.94,41.14
2013-11-29,80.98,41.48
2013-12-02,80.5,40.7
2013-12-03,80.58,40.55
2013-12-04,80.46,40.56
2013-12-05,80.32,40.43
2013-12-06,80.44,41.33
2013-12-09,80.52,41.33
2013-12-10,80.69,41.42
2013-12-11,80.55,40.58
2013-12-12,80.34,40.22
2013-12-13,80.43,40.34
2013-12-16,80.46,40.54
2013-12-17,80.61,40.27
2013-12-18,80.58,40.93
2013-12-19,80.43,40.25
2013-12-20,80.58,39.95
2013-12-23,80.48,40.24
2013-12-24,80.07,40.45
2013-12-26,79.95,40.19
2013-12-27,79.95,40.67
2013-12-30,80.08,40.82
2013-12-31,80.05,41.14
2014-01-02,80.12,39.7
2014-01-03,80.13,39.65
2014-01-06,80.2,39.27
2014-01-07,80.3,39.43
2014-01-08,80.04,39.36
2014-01-09,80.19,39.11
2014-01-10,80.58,39.87
2014-01-13,80.69,39.37
2014-01-14,80.57,39.81
2014-01-15,80.52,39.8
2014-01-16,80.7,39.58
2014-01-17,80.79,39.44
2014-01-21,80.79,39.32
2014-01-22,80.65,39.82
2014-01-23,80.87,38.91
2014-01-24,81.08,37.96
2014-01-27,80.93,37.71
2014-01-28,81.0,37.96
2014-01-29,81.18,37.29
2014-01-30,81.18,37.68
2014-01-31,81.29,37.67
2014-02-03,81.38,36.67
2014-02-04,81.25,37.52
2014-02-05,81.08,37.39
2014-02-06,81.05,38.13
2014-02-07,81.15,38.28
2014-02-10,81.2,37.85
2014-02-11,81.03,38.65
2014-02-12,80.89,38.59
2014-02-13,81.09,38.63
2014-02-14,81.06,39.1
2014-02-18,81.17,38.77
2014-02-19,81.1,38.6
2014-02-20,81.09,38.8
2014-02-21,81.15,39.07
2014-02-24,81.13,39.03
2014-02-25,81.29,38.54
2014-02-26,81.46,38.44
2014-02-27,81.56,39.2
2014-02-28,81.5,38.89
2014-03-03,81.5,38.21
2014-03-04,81.22,38.84
2014-03-05,81.33,38.96
2014-03-06,81.13,39.5
2014-03-07,80.89,38.95
2014-03-10,80.94,38.72
2014-03-11,80.93,38.27
2014-03-12,81.1,38.42
2014-03-13,81.34,37.76
2014-03-14,81.29,38.01
2014-03-17,81.18,38.42
2014-03-18,81.27,39.01
2014-03-19,80.89,38.24
2014-03-20,80.82,38.42
2014-03-21,81.05,38.65
2014-03-24,81.06,38.99
2014-03-25,81.04,39.49
2014-03-26,81.26,39.5
2014-03-27,81.34,39.96
2014-03-28,81.19,40.28
2014-03-31,81.19,40.58
2014-04-01,80.91,40.97
2014-04-02,80.75,41.12
2014-04-03,80.82,40.88
2014-04-04,81.06,40.81
2014-04-07,81.21,41.03
2014-04-08,81.27,41.41
2014-04-09,81.25,41.74
2014-04-10,81.5,41.34
2014-04-11,81.55,41.32
2014-04-14,81.54,41.26
2014-04-15,81.58,40.65
2014-04-16,81.53,41.07
2014-04-17,81.32,41.56
2014-04-21,81.34,41.29
2014-04-22,81.34,41.15
2014-04-23,81.47,40.93
2014-04-24,81.49,40.93
2014-04-25,81.52,40.46
2014-04-28,81.43,40.58
2014-04-29,81.47,40.97
2014-04-30,81.65,40.94
2014-05-01,81.67,40.97
2014-05-02,81.76,41.24
2014-05-05,81.67,41.06
2014-05-06,81.75,41.22
2014-05-07,81.79,41.48
2014-05-08,81.83,41.37
2014-05-09,81.73,41.34
2014-05-12,81.65,42.01
2014-05-13,81.8,42.19
2014-05-14,82.01,42.47
2014-05-15,82.16,42.09
2014-05-16,82.16,42.61
2014-05-19,82.13,42.63
2014-05-20,82.17,42.27
2014-05-21,82.1,42.57
2014-05-22,82.05,42.9
2014-05-23,82.13,42.9
2014-05-27,82.21,42.55
2014-05-28,82.48,42.71
2014-05-29,82.41,42.76
2014-05-30,82.33,42.21
2014-06-02,81.95,42.42
2014-06-03,81.75,42.66
2014-06-04,81.76,42.42
2014-06-05,81.85,42.9
2014-06-06,81.84,43.36
2014-06-09,81.77,43.63
2014-06-10,81.61,43.8
2014-06-11,81.64,43.65
2014-06-12,81.85,43.45
2014-06-13,81.83,43.61
2014-06-16,81.81,43.33
2014-06-17,81.62,43.36
2014-06-18,81.83,43.86
2014-06-19,81.76,43.59
2014-06-20,81.81,43.61
2014-06-23,81.78,43.41
2014-06-24,81.93,42.93
2014-06-25,82.04,43.11
2014-06-26,82.15,43.09
2014-06-27,82.15,43.2
2014-06-30,82.22,43.13
2014-07-01,81.89,43.52
2014-07-02,81.67,43.78
2014-07-03,81.57,44.01
2014-07-07,81.67,44.1
2014-07-08,81.82,43.91
2014-07-09,81.9,44.17
2014-07-10,81.92,43.9
2014-07-11,82.04,43.98
2014-07-14,81.92,44.32
2014-07-15,81.86,44.26
2014-07-16,81.89,44.4
2014-07-17,82.11,43.55
2014-07-18,82.11,44.23
2014-07-21,82.11,44.39
2014-07-22,82.22,44.85
2014-07-23,82.18,44.86
2014-07-24,82.02,45.08
2014-07-25,82.17,44.9
2014-07-28,82.15,45.14
2014-07-29,82.22,44.73
2014-07-30,81.91,44.5
2014-07-31,81.82,43.72
2014-08-01,81.92,43.98
2014-08-04,82.03,44.47
2014-08-05,81.92,43.81
2014-08-06,82.01,43.5
2014-08-07,82.19,43.3
2014-08-08,82.13,43.78
2014-08-11,82.17,44.41
2014-08-12,82.1,44.42
2014-08-13,82.25,44.61
2014-08-14,82.33,44.64
2014-08-15,82.48,44.58
2014-08-18,82.31,45.04
2014-08-19,82.3,45.3
2014-08-20,82.18,45.23
2014-08-21,82.27,45.19
2014-08-22,82.27,44.99
2014-08-25,82.3,45.37
2014-08-26,82.34,45.62
2014-08-27,82.47,45.85
2014-08-28,82.58,45.43
2014-08-29,82.58,45.4
2014-09-02,82.12,45.49
2014-09-03,82.26,46.25
2014-09-04,82.12,46.05
2014-09-05,82.09,46.49
2014-09-08,82.03,45.95
2014-09-09,81.89,45.39
2014-09-10,81.74,45.19
2014-09-11,81.68,44.87
2014-09-12,81.55,44.26
2014-09-15,81.59,44.07
2014-09-16,81.56,44.63
2014-09-17,81.46,44.2
2014-09-18,81.47,44.3
2014-09-19,81.64,43.97
2014-09-22,81.74,43.32
2014-09-23,81.78,43.04
2014-09-24,81.73,43.26
2014-09-25,81.93,42.26
2014-09-26,81.85,42.53
2014-09-29,81.95,41.62
2014-09-30,81.93,41.71
2014-10-01,82.12,40.91
2014-10-02,82.06,41.16
2014-10-03,82.01,41.5
2014-10-06,82.2,42.24
2014-10-07,82.41,41.83
2014-10-08,82.63,42.47
2014-10-09,82.5,41.88
2014-10-10,82.57,40.93
2014-10-13,82.81,41.43
2014-10-14,82.92,41.62
2014-10-15,83.11,41.04
2014-10-16,82.97,40.63
2014-10-17,82.91,41.15
2014-10-20,82.98,41.18
2014-10-21,82.86,41.37
2014-10-22,82.84,41.04
2014-10-23,82.59,41.08
2014-10-24,82.66,41.47
2014-10-27,82.63,41.04
2014-10-28,82.58,41.9
2014-10-29,82.44,41.82
2014-10-30,82.5,42.3
2014-10-31,82.36,42.64
2014-11-03,82.15,42.35
2014-11-04,82.13,42.39
2014-11-05,82.23,42.14
2014-11-06,82.04,41.54
2014-11-07,82.32,41.81
2014-11-10,82.15,41.84
2014-11-11,82.19,41.91
2014-11-12,82.18,41.79
2014-11-13,82.24,41.69
2014-11-14,82.26,42.13
2014-11-17,82.26,41.6
2014-11-18,82.38,41.81
2014-11-19,82.17,41.89
2014-11-20,82.27,41.82
2014-11-21,82.45,43.11
2014-11-24,82.46,42.78
2014-11-25,82.61,42.5
2014-11-26,82.73,42.94
2014-11-28,82.87,42.17
2014-12-01,82.58,41.4
2014-12-02,82.4,41.38
2014-12-03,82.38,41.59
2014-12-04,82.52,41.54
2014-12-05,82.28,41.51
2014-12-08,82.45,40.84
2014-12-09,82.48,40.38
2014-12-10,82.7,39.8
2014-12-11,82.62,39.43
2014-12-12,82.9,38.84
2014-12-15,82.75,38.06
2014-12-16,82.94,37.71
2014-12-17,82.74,38.88
2014-12-18,82.61,39.48
2014-12-19,82.79,39.67
2014-12-22,82.75,40.01
2014-12-23,82.01,39.69
2014-12-24,82.04,39.77
2014-12-26,82.11,40.04
2014-12-29,82.25,39.91
2014-12-30,82.31,40.02
2014-12-31,82.37,40.02
2015-01-02,82.65,39.56
2015-01-05,82.89,38.93
2015-01-06,83.13,38.74
2015-01-07,83.18,39.63
2015-01-08,83.05,40.3
2015-01-09,83.19,40.1
2015-01-12,83.3,39.74
2015-01-13,83.38,40.02
2015-01-14,83.57,39.87
2015-01-15,83.94,39.99
2015-01-16,83.69,40.39
2015-01-20,83.6,40.25
2015-01-21,83.44,41.15
2015-01-22,83.46,42.02
2015-01-23,83.73,41.66
2015-01-26,83.63,41.71
2015-01-27,83.68,41.49
2015-01-28,83.98,41.0
2015-01-29,83.89,41.04
2015-01-30,84.35,39.94
2015-02-02,84.08,40.65
2015-02-03,83.82,41.37
2015-02-04,83.85,41.09
2015-02-05,83.67,41.4
2015-02-06,83.13,40.72
2015-02-09,83.1,40.67
2015-02-10,82.95,40.6
2015-02-11,82.95,40.42
2015-02-12,82.99,41.36
2015-02-13,82.8,41.78
2015-02-17,82.47,41.65
2015-02-18,82.7,41.69
2015-02-19,82.63,41.56
2015-02-20,82.65,41.77
2015-02-23,82.82,41.37
2015-02-24,83.16,41.94
2015-02-25,83.24,41.8
2015-02-26,83.01,41.77
2015-02-27,83.08,41.8
2015-03-02,82.65,41.74
2015-03-03,82.55,41.36
2015-03-04,82.55,40.88
2015-03-05,82.6,40.8
2015-03-06,82.12,40.14
2015-03-09,82.22,39.98
2015-03-10,82.54,39.15
2015-03-11,82.63,39.46
2015-03-12,82.69,39.68
2015-03-13,82.61,39.2
2015-03-16,82.77,39.66
2015-03-17,82.84,39.91
2015-03-18,83.35,40.94
2015-03-19,83.1,40.22
2015-03-20,83.32,40.72
2015-03-23,83.36,40.84
2015-03-24,83.5,41.0
2015-03-25,83.37,40.22
2015-03-26,83.1,39.99
2015-03-27,83.18,40.08
2015-03-30,83.28,40.9
2015-03-31,83.37,40.87
2015-04-01,83.51,41.42
2015-04-02,83.4,42.06
2015-04-06,83.47,42.57
2015-04-07,83.52,42.47
2015-04-08,83.46,43.33
2015-04-09,83.28,43.89
2015-04-10,83.24,43.8
2015-04-13,83.26,43.65
2015-04-14,83.41,43.77
2015-04-15,83.49,44.03
2015-04-16,83.47,44.43
2015-04-17,83.61,43.52
2015-04-20,83.52,43.38
2015-04-21,83.42,43.72
2015-04-22,83.11,44.23
2015-04-23,83.27,44.45
2015-04-24,83.4,44.67
2015-04-27,83.34,44.86
2015-04-28,83.08,44.97
2015-04-29,82.82,44.49
2015-04-30,82.91,43.9
2015-05-01,82.5,44.16
2015-05-04,82.38,44.38
2015-05-05,82.25,43.92
2015-05-06,82.02,43.34
2015-05-07,82.19,43.28
2015-05-08,82.41,43.94
2015-05-11,81.98,43.52
2015-05-12,81.88,43.4
2015-05-13,81.84,43.51
2015-05-14,82.0,43.92
2015-05-15,82.33,44.37
2015-05-18,82.03,43.94
2015-05-19,81.85,44.04
2015-05-20,81.85,43.98
2015-05-21,82.11,43.85
2015-05-22,82.06,43.96
2015-05-26,82.26,43.31
2015-05-27,82.3,43.42
2015-05-28,82.31,42.81
2015-05-29,82.34,42.34
2015-06-01,81.9,42.31
2015-06-02,81.67,42.46
2015-06-03,81.31,42.25
2015-06-04,81.51,41.63
2015-06-05,81.19,41.43
2015-06-08,81.29,41.41
2015-06-09,81.05,41.11
2015-06-10,80.88,41.71
2015-06-11,81.26,41.54
2015-06-12,81.2,41.55
2015-06-15,81.21,41.13
2015-06-16,81.42,41.22
2015-06-17,81.45,41.48
2015-06-18,81.39,41.85
2015-06-19,81.62,41.47
2015-06-22,81.23,42.01
2015-06-23,81.04,42.39
2015-06-24,81.19,42.17
2015-06-25,81.08,42.02
2015-06-26,80.93,41.25
2015-06-29,81.34,40.34
2015-06-30,81.26,40.88
2015-07-01,80.9,40.88
2015-07-02,81.1,41.07
2015-07-06,81.38,39.93
2015-07-07,81.46,39.32
2015-07-08,81.69,37.87
2015-07-09,81.42,38.64
2015-07-10,81.04,39.73
2015-07-13,80.85,39.98
2015-07-14,81.0,40.08
2015-07-15,81.23,39.59
2015-07-16,81.23,40.06
2015-07-17,81.24,40.05
2015-07-20,81.13,39.8
2015-07-21,81.28,39.81
2015-07-22,81.31,39.28
2015-07-23,81.5,38.95
2015-07-24,81.55,38.39
2015-07-27,81.71,37.53
2015-07-28,81.57,37.89
2015-07-29,81.5,38.24
2015-07-30,81.53,38.0
2015-07-31,81.81,38.32
2015-08-03,81.83,37.69
2015-08-04,81.55,37.81
2015-08-05,81.42,37.85
2015-08-06,81.47,37.58
2015-08-07,81.64,37.54
2015-08-10,81.47,38.18
2015-08-11,81.78,37.36
2015-08-12,81.75,36.78
2015-08-13,81.58,36.71
2015-08-14,81.55,36.82
2015-08-17,81.7,36.43
2015-08-18,81.55,36.01
2015-08-19,81.84,35.52
2015-08-20,81.91,34.98
2015-08-21,82.04,33.86
2015-08-24,82.02,32.19
2015-08-25,81.75,32.63
2015-08-26,81.4,33.76
2015-08-27,81.51,35.12
2015-08-28,81.55,34.61
2015-08-31,81.44,34.54
2015-09-01,81.47,33.19
2015-09-02,81.41,33.69
2015-09-03,81.47,33.84
2015-09-04,81.67,32.78
2015-09-08,81.47,33.88
2015-09-09,81.45,33.69
2015-09-10,81.28,33.94
2015-09-11,81.45,34.07
2015-09-14,81.47,34.07
2015-09-15,81.13,34.42
2015-09-16,81.08,35.22
2015-09-17,81.54,35.22
2015-09-18,81.77,34.36
2015-09-21,81.47,34.44
2015-09-22,81.62,33.77
2015-09-23,81.62,33.26
2015-09-24,81.65,33.2
2015-09-25,81.5,32.69
2015-09-28,81.71,31.96
2015-09-29,81.77,32.22
2015-09-30,81.93,33.09
2015-10-01,81.81,33.2
2015-10-02,82.12,34.07
2015-10-05,81.8,34.75
2015-10-06,81.91,34.66
2015-10-07,81.91,35.52
2015-10-08,81.78,35.98
2015-10-09,81.77,36.02
2015-10-12,81.91,35.82
2015-10-13,81.96,35.18
2015-10-14,82.26,35.45
2015-10-15,82.1,36.26
2015-10-16,82.07,36.37
2015-10-19,82.07,36.0
2015-10-20,81.94,35.92
2015-10-21,82.09,35.4
2015-10-22,82.23,36.17
2015-10-23,82.02,36.41
2015-10-26,82.11,36.0
2015-10-27,82.13,35.67
2015-10-28,81.9,35.28
2015-10-29,81.61,34.89
2015-10-30,81.79,34.84
2015-11-02,81.46,35.5
2015-11-03,81.32,35.94
2015-11-04,81.37,35.74
2015-11-05,81.22,35.79
2015-11-06,80.9,35.39
2015-11-09,80.83,34.56
2015-11-10,80.92,34.47
2015-11-11,80.93,34.51
2015-11-12,80.94,34.15
2015-11-13,81.09,33.7
2015-11-16,81.09,34.43
2015-11-17,81.18,34.39
2015-11-18,81.14,34.66
2015-11-19,81.25,34.92
2015-11-20,81.23,35.22
2015-11-23,81.26,34.93
2015-11-24,81.29,35.02
2015-11-25,81.3,34.75
2015-11-27,81.34,33.99
2015-11-30,81.3,34.04
2015-12-01,81.44,34.24
2015-12-02,81.34,33.9
2015-12-03,80.71,33.8
2015-12-04,81.03,33.93
2015-12-07,81.17,33.45
2015-12-08,81.19,33.05
2015-12-09,81.16,32.81
2015-12-10,81.15,32.48
2015-12-11,81.37,31.56
2015-12-14,80.99,32.08
2015-12-15,80.9,32.55
2015-12-16,80.81,33.1
2015-12-17,80.98,32.81
2015-12-18,81.16,32.64
2015-12-21,81.07,32.71
2015-12-22,80.96,32.96
2015-12-23,80.74,33.45
2015-12-24,80.8,33.35
2015-12-28,80.8,33.18
2015-12-29,80.55,33.16
2015-12-30,80.6,32.7
2015-12-31,80.76,32.71
2016-01-04,80.72,31.78
2016-01-05,80.82,31.85
2016-01-06,81.18,31.28
2016-01-07,81.19,30.27
2016-01-08,81.29,30.0
2016-01-11,80.95,29.87
2016-01-12,81.16,29.98
2016-01-13,81.36,29.64
2016-01-14,81.26,30.02
2016-01-15,81.4,28.76
2016-01-19,81.3,29.16
2016-01-20,81.39,28.55
2016-01-21,81.34,28.6
2016-01-22,81.31,29.57
2016-01-25,81.31,29.08
2016-01-26,81.43,29.5
2016-01-27,81.43,29.31
2016-01-28,81.49,29.78
2016-01-29,81.73,30.83
2016-02-01,81.39,30.52
2016-02-02,81.67,29.61
2016-02-03,81.73,30.4
2016-02-04,81.79,30.61
2016-02-05,81.71,30.29
2016-02-08,82.06,29.87
2016-02-09,82.05,29.49
2016-02-10,82.22,29.58
2016-02-11,82.27,29.15
2016-02-12,82.0,29.63
2016-02-16,81.88,30.33
2016-02-17,81.86,30.96
2016-02-18,82.14,30.81
2016-02-19,82.03,30.68
2016-02-22,82.05,31.44
2016-02-23,82.1,30.76
2016-02-24,82.16,30.76
2016-02-25,82.28,30.81
2016-02-26,82.2,30.54
2016-02-29,82.25,30.73
2016-03-01,81.81,31.85
2016-03-02,81.76,32.34
2016-03-03,81.8,32.69
2016-03-04,81.76,33.41
2016-03-07,81.74,33.34
2016-03-08,82.01,32.76
2016-03-09,81.87,32.97
2016-03-10,81.83,32.89
2016-03-11,81.72,33.61
2016-03-14,81.9,33.42
2016-03-15,81.82,32.8
2016-03-16,82.14,33.49
2016-03-17,82.32,34.17
2016-03-18,82.39,34.4
2016-03-21,82.24,34.54
2016-03-22,82.22,34.39
2016-03-23,82.4,33.86
2016-03-24,82.3,33.81
2016-03-28,82.34,33.9
2016-03-29,82.68,34.23
2016-03-30,82.65,34.62
2016-03-31,82.81,34.58
2016-04-01,82.73,34.68
2016-04-04,82.73,34.21
2016-04-05,82.88,33.57
2016-04-06,82.84,34.0
2016-04-07,83.11,33.29
2016-04-08,83.04,33.87
2016-04-11,83.03,34.32
2016-04-12,82.9,34.85
2016-04-13,82.95,35.5
2016-04-14,82.88,35.32
2016-04-15,83.07,35.11
2016-04-18,83.04,35.23
2016-04-19,83.09,35.77
2016-04-20,82.86,35.54
2016-04-21,82.76,35.15
2016-04-22,82.73,35.02
2016-04-25,82.63,34.74
2016-04-26,82.51,35.15
2016-04-27,82.76,35.36
2016-04-28,82.91,35.0
2016-04-29,82.97,34.93
2016-05-02,82.66,34.84
2016-05-03,82.89,33.87
2016-05-04,82.92,33.39
2016-05-05,83.07,33.39
2016-05-06,83.03,33.47
2016-05-09,83.09,32.96
2016-05-10,83.09,33.62
2016-05-11,83.11,33.52
2016-05-12,83.12,33.46
2016-05-13,83.21,32.86
2016-05-16,83.03,33.24
2016-05-17,82.97,33.1
2016-05-18,82.58,32.84
2016-05-19,82.67,32.44
2016-05-20,82.67,32.8
2016-05-23,82.69,32.73
2016-05-24,82.65,33.12
2016-05-25,82.62,33.5
2016-05-26,82.76,33.72
2016-05-27,82.73,33.71
2016-05-31,82.8,33.8
2016-06-01,82.66,33.77
2016-06-02,82.82,34.04
2016-06-03,83.34,34.57
2016-06-06,83.21,34.86
2016-06-07,83.22,35.2
2016-06-08,83.32,35.49
2016-06-09,83.4,35.09
2016-06-10,83.48,34.2
2016-06-13,83.5,33.77
2016-06-14,83.49,33.45
2016-06-15,83.68,33.76
2016-06-16,83.77,33.68
2016-06-17,83.65,33.83
2016-06-20,83.46,34.32
2016-06-21,83.35,34.58
2016-06-22,83.38,34.63
2016-06-23,83.23,35.49
2016-06-24,83.69,33.48
2016-06-27,84.12,33.13
2016-06-28,84.22,34.08
2016-06-29,84.19,34.88
2016-06-30,84.3,35.23
2016-07-01,84.37,35.49
2016-07-05,84.66,34.79
2016-07-06,84.81,34.79
2016-07-07,84.67,34.64
2016-07-08,84.89,35.41
2016-07-11,84.64,35.7
2016-07-12,84.3,36.25
2016-07-13,84.45,36.19
2016-07-14,84.32,36.69
2016-07-15,84.05,36.56
2016-07-18,84.08,36.88
2016-07-19,84.21,36.56
2016-07-20,84.12,36.75
2016-07-21,84.22,36.65
2016-07-22,84.23,36.89
2016-07-25,84.18,36.59
2016-07-26,84.17,36.81
2016-07-27,84.42,36.86
2016-07-28,84.37,36.84
2016-07-29,84.64,37.04
2016-08-01,84.21,36.9
2016-08-02,84.13,36.7
2016-08-03,84.13,36.9
2016-08-04,84.28,37.08
2016-08-05,84.0,37.49
2016-08-08,84.01,37.73
2016-08-09,84.25,37.98
2016-08-10,84.36,37.89
2016-08-11,84.14,38.33
2016-08-12,84.33,38.18
2016-08-15,84.19,38.6
2016-08-16,84.15,38.4
2016-08-17,84.28,38.26
2016-08-18,84.37,38.57
2016-08-19,84.2,38.34
2016-08-22,84.32,37.86
2016-08-23,84.36,37.67
2016-08-24,84.35,37.78
2016-08-25,84.26,37.77
2016-08-26,84.05,37.47
2016-08-29,84.34,37.75
2016-08-30,84.27,37.69
2016-08-31,84.21,37.33
2016-09-01,84.16,37.53
2016-09-02,84.04,38.1
2016-09-06,84.29,38.76
2016-09-07,84.3,38.71
2016-09-08,83.98,38.63
2016-09-09,83.61,37.41
2016-09-12,83.64,37.72
2016-09-13,83.4,36.34
2016-09-14,83.51,36.47
2016-09-15,83.58,37.05
2016-09-16,83.65,36.8
2016-09-19,83.59,37.11
2016-09-20,83.61,37.12
2016-09-21,83.85,38.02
2016-09-22,84.02,38.19
2016-09-23,84.0,37.69
2016-09-26,84.14,37.23
2016-09-27,84.24,37.62
2016-09-28,84.24,37.99
2016-09-29,84.25,37.36
2016-09-30,84.14,37.63
2016-10-03,83.89,37.88
2016-10-04,83.61,37.5
2016-10-05,83.47,38.07
2016-10-06,83.44,38.07
2016-10-07,83.51,37.94
2016-10-10,83.42,38.2
2016-10-11,83.29,37.49
2016-10-12,83.34,37.45
2016-10-13,83.44,37.22
2016-10-14,83.27,37.32
2016-10-17,83.45,37.25
2016-10-18,83.56,37.91
2016-10-19,83.62,38.11
2016-10-20,83.57,38.06
2016-10-21,83.64,38.07
2016-10-24,83.52,38.26
2016-10-25,83.52,38.23
2016-10-26,83.37,37.95
2016-10-27,83.14,37.66
2016-10-28,83.1,37.45
2016-10-31,83.19,37.75
2016-11-01,83.0,37.47
2016-11-02,83.08,37.04
2016-11-03,83.03,36.95
2016-11-04,83.18,36.56
2016-11-07,83.07,37.8
2016-11-08,82.92,37.98
2016-11-09,82.1,36.98
2016-11-10,81.75,35.91
2016-11-11,81.6,35.25
2016-11-14,81.29,35.08
2016-11-15,81.4,35.74
2016-11-16,81.57,35.45
2016-11-17,81.24,35.46
2016-11-18,81.04,35.38
2016-11-21,81.03,35.73
2016-11-22,81.1,36.12
2016-11-23,80.89,35.77
2016-11-25,80.92,35.96
2016-11-28,81.11,36.14
2016-11-29,81.17,36.16
2016-11-30,80.89,36.22
2016-12-01,80.43,35.81
2016-12-02,80.72,35.77
2016-12-05,80.82,36.01
2016-12-06,80.81,36.16
2016-12-07,81.0,36.7
2016-12-08,80.84,36.87
2016-12-09,80.6,36.7
2016-12-12,80.51,36.4
2016-12-13,80.6,36.77
2016-12-14,80.19,35.71
2016-12-15,80.07,35.87
2016-12-16,80.14,35.65
2016-12-19,80.35,35.41
2016-12-20,80.36,35.3
2016-12-21,80.48,35.19
2016-12-22,80.22,34.86
2016-12-23,80.26,35.03
2016-12-27,80.2,35.2
2016-12-28,80.4,35.42
2016-12-29,80.62,35.97
2016-12-30,80.79,35.78
2017-01-03,80.8,36.17
2017-01-04,80.86,36.5
2017-01-05,81.27,36.88
2017-01-06,80.95,36.73
2017-01-09,81.15,36.67
2017-01-10,81.13,36.87
2017-01-11,81.17,37.19
2017-01-12,81.19,37.28
2017-01-13,81.06,37.24
2017-01-17,81.31,37.2
2017-01-18,80.89,37.06
2017-01-19,80.75,36.96
2017-01-20,80.81,37.02
2017-01-23,81.03,37.53
2017-01-24,80.91,37.8
2017-01-25,80.67,38.13
2017-01-26,80.7,37.97
2017-01-27,80.79,38.01
2017-01-30,80.77,37.82
2017-01-31,80.94,37.84
2017-02-01,80.63,37.92
2017-02-02,80.68,38.05
2017-02-03,80.7,38.29
2017-02-06,80.95,38.2
2017-02-07,81.08,38.06
2017-02-08,81.3,38.36
2017-02-09,81.08,38.56
2017-02-10,81.06,38.91
2017-02-13,80.97,39.06
2017-02-14,80.8,39.12
2017-02-15,80.67,39.41
2017-02-16,80.82,39.3
2017-02-17,81.01,39.17
2017-02-21,81.0,39.49
2017-02-22,81.05,39.59
2017-02-23,81.2,39.61
2017-02-24,81.5,39.19
2017-02-27,81.33,39.03
2017-02-28,81.27,38.69
2017-03-01,80.78,39.31
2017-03-02,80.63,38.61
2017-03-03,80.69,38.94
2017-03-06,80.64,39.0
2017-03-07,80.49,39.05
2017-03-08,80.3,38.66
2017-03-09,80.05,38.33
2017-03-10,80.21,38.65
2017-03-13,80.05,39.14
2017-03-14,80.04,38.92
2017-03-15,80.54,39.83
2017-03-16,80.42,40.1
2017-03-17,80.58,40.06
2017-03-20,80.74,40.47
2017-03-21,80.93,39.96
2017-03-22,81.04,40.08
2017-03-23,81.0,40.1
2017-03-24,80.98,40.21
2017-03-27,81.15,40.09
2017-03-28,81.0,40.19
2017-03-29,81.16,40.25
2017-03-30,81.03,40.02
2017-03-31,81.08,39.72
2017-04-03,81.2,40.03
2017-04-04,81.11,40.12
2017-04-05,81.18,40.05
2017-04-06,81.21,39.98
2017-04-07,81.03,39.97
2017-04-10,81.11,39.78
2017-04-11,81.37,39.82
2017-04-12,81.56,39.96
2017-04-13,81.68,39.75
2017-04-17,81.63,40.09
2017-04-18,81.92,39.62
2017-04-19,81.77,39.33
2017-04-20,81.66,39.74
2017-04-21,81.68,39.7
2017-04-24,81.57,40.16
2017-04-25,81.32,40.45
2017-04-26,81.4,40.3
2017-04-27,81.46,40.17
2017-04-28,81.55,40.34
2017-05-01,81.23,40.5
2017-05-02,81.37,40.7
2017-05-03,81.28,40.41
2017-05-04,81.19,39.98
2017-05-05,81.24,40.21
2017-05-08,81.1,39.96
2017-05-09,81.06,40.41
2017-05-10,81.05,40.73
2017-05-11,81.11,40.71
2017-05-12,81.35,40.93
2017-05-15,81.33,41.31
2017-05-16,81.41,41.35
2017-05-17,81.85,40.73
2017-05-18,81.78,39.98
2017-05-19,81.83,40.69
2017-05-22,81.76,40.68
2017-05-23,81.59,40.66
2017-05-24,81.76,40.8
2017-05-25,81.76,41.01
2017-05-26,81.8,41.11
2017-05-30,81.92,41.04
2017-05-31,81.96,40.74
2017-06-01,81.81,41.04
2017-06-02,82.08,41.17
2017-06-05,81.95,41.17
2017-06-06,82.1,41.2
2017-06-07,81.99,41.17
2017-06-08,81.93,41.25
2017-06-09,81.86,40.97
2017-06-12,81.84,40.82
2017-06-13,81.86,41.01
2017-06-14,82.16,40.98
2017-06-15,82.07,40.62
2017-06-16,82.16,40.75
2017-06-19,82.04,41.02
2017-06-20,82.16,40.53
2017-06-21,82.2,40.43
2017-06-22,82.23,40.58
2017-06-23,82.25,40.73
2017-06-26,82.34,41.16
2017-06-27,82.06,40.73
2017-06-28,82.06,40.97
2017-06-29,81.89,40.51
2017-06-30,81.83,40.83
2017-07-03,81.5,41.02
2017-07-05,81.55,40.95
2017-07-06,81.36,40.5
2017-07-07,81.34,40.61
2017-07-10,81.38,40.9
2017-07-11,81.46,41.19
2017-07-12,81.65,41.97
2017-07-13,81.62,42.09
2017-07-14,81.65,42.52
2017-07-17,81.76,42.3
2017-07-18,81.95,42.37
2017-07-19,81.96,42.78
2017-07-20,82.01,42.69
2017-07-21,82.1,42.6
2017-07-24,82.06,42.76
2017-07-25,81.75,42.69
2017-07-26,81.95,43.0
2017-07-27,81.85,42.78
2017-07-28,82.0,42.94
2017-07-31,81.99,43.01
2017-08-01,81.98,43.19
2017-08-02,81.93,43.29
2017-08-03,82.1,43.13
2017-08-04,81.97,43.24
2017-08-07,82.0,43.58
2017-08-08,81.89,43.52
2017-08-09,81.95,43.28
2017-08-10,82.07,42.28
2017-08-11,82.14,42.41
2017-08-14,82.08,42.78
2017-08-15,81.94,42.75
2017-08-16,82.06,43.27
2017-08-17,82.21,42.72
2017-08-18,82.17,43.03
2017-08-21,82.21,43.14
2017-08-22,82.11,43.52
2017-08-23,82.35,43.73
2017-08-24,82.23,43.83
2017-08-25,82.33,44.2
2017-08-28,82.37,44.19
2017-08-29,82.46,44.1
2017-08-30,82.45,44.15
2017-08-31,82.52,44.3
2017-09-01,82.21,44.62
2017-09-05,82.55,44.28
2017-09-06,82.41,44.6
2017-09-07,82.67,44.82
2017-09-08,82.58,44.53
2017-09-11,82.33,45.05
2017-09-12,82.21,44.97
2017-09-13,82.11,44.67
2017-09-14,82.16,44.76
2017-09-15,82.17,45.06
2017-09-18,82.11,45.02
2017-09-19,82.05,45.06
2017-09-20,81.98,44.41
2017-09-21,81.96,44.45
2017-09-22,82.04,44.18
2017-09-25,82.22,43.36
2017-09-26,82.18,43.35
2017-09-27,81.93,43.11
2017-09-28,81.95,43.13
2017-09-29,81.96,43.57
2017-10-02,81.76,43.61
2017-10-03,81.8,44.21
2017-10-04,81.8,44.26
2017-10-05,81.74,44.54
2017-10-06,81.65,44.37
2017-10-09,81.73,44.22
2017-10-10,81.77,44.65
2017-10-11,81.81,44.78
2017-10-12,81.88,44.78
2017-10-13,82.05,45.18
2017-10-16,81.97,45.14
2017-10-17,81.98,44.92
2017-10-18,81.85,44.96
2017-10-19,81.89,44.63
2017-10-20,81.69,44.81
2017-10-23,81.76,44.41
2017-10-24,81.62,44.53
2017-10-25,81.55,44.43
2017-10-26,81.45,44.2
2017-10-27,81.63,44.74
2017-10-30,81.82,44.38
2017-10-31,81.77,44.63
2017-11-01,81.65,44.74
2017-11-02,81.73,44.88
2017-11-03,81.8,44.62
2017-11-06,81.86,45.05
2017-11-07,81.89,44.77
2017-11-08,81.83,44.93
2017-11-09,81.75,44.76
2017-11-10,81.42,44.59
2017-11-13,81.43,44.5
2017-11-14,81.53,44.2
2017-11-15,81.72,43.84
2017-11-16,81.61,44.62
2017-11-17,81.69,44.87
2017-11-20,81.64,45.06
2017-11-21,81.71,45.62
2017-11-22,81.88,45.77
2017-11-24,81.86,45.6
2017-11-27,81.83,45.13
2017-11-28,81.83,45.4
2017-11-29,81.63,44.77
2017-11-30,81.51,44.48
2017-12-01,81.56,44.05
2017-12-04,81.57,44.2
2017-12-05,81.67,44.13
2017-12-06,81.76,43.58
2017-12-07,81.65,43.64
2017-12-08,81.62,44.14
2017-12-11,81.56,44.43
2017-12-12,81.55,44.11
2017-12-13,81.78,44.59
2017-12-14,81.81,44.31
2017-12-15,81.82,44.43
2017-12-18,81.69,44.89
2017-12-19,81.44,44.77
2017-12-20,81.28,44.83
2017-12-21,81.33,45.06
2017-12-22,81.37,45.43
2017-12-26,81.24,45.48
2017-12-27,81.49,45.47
2017-12-28,81.44,45.69
2017-12-29,81.57,45.91
2018-01-02,81.34,46.7
2018-01-03,81.41,47.15
2018-01-04,81.37,47.44
2018-01-05,81.26,47.86
2018-01-08,81.27,47.87
2018-01-09,81.03,47.86
2018-01-10,81.04,47.65
2018-01-11,81.04,47.96
2018-01-12,81.03,48.47
2018-01-16,81.09,48.23
2018-01-17,81.0,48.91
2018-01-18,80.84,48.99
2018-01-19,80.67,49.45
2018-01-22,80.61,49.85
2018-01-23,80.82,50.03
2018-01-24,80.73,50.49
2018-01-25,80.95,50.31
2018-01-26,80.8,50.98
2018-01-29,80.69,50.18
2018-01-30,80.54,49.54
2018-01-31,80.56,49.84
2018-02-01,80.16,49.37
2018-02-02,79.92,48.26
2018-02-05,80.27,46.71
2018-02-06,80.01,47.87
2018-02-07,79.83,46.51
2018-02-08,79.77,44.96
2018-02-09,79.57,45.64
2018-02-12,79.59,46.27
2018-02-13,79.66,46.63
2018-02-14,79.4,47.59
2018-02-15,79.48,48.48
2018-02-16,79.65,48.3
2018-02-20,79.57,47.87
2018-02-21,79.27,47.81
2018-02-22,79.37,47.87
2018-02-23,79.58,48.65
2018-02-26,79.62,49.11
2018-02-27,79.45,47.79
2018-02-28,79.55,47.17
2018-03-01,79.52,47.16
2018-03-02,79.37,47.28
2018-03-05,79.32,47.42
2018-03-06,79.35,47.56
2018-03-07,79.33,47.55
2018-03-08,79.42,47.58
2018-03-09,79.32,48.43
2018-03-12,79.4,48.6
2018-03-13,79.42,48.13
2018-03-14,79.59,48.19
2018-03-15,79.6,48.0
2018-03-16,79.53,47.85
2018-03-19,79.47,47.4
2018-03-20,79.37,47.81
2018-03-21,79.37,48.07
2018-03-22,79.5,46.55
2018-03-23,79.52,45.87
2018-03-26,79.47,47.16
2018-03-27,79.74,46.46
2018-03-28,79.73,46.14
2018-03-29,79.93,46.98
2018-04-02,79.72,46.29
2018-04-03,79.63,46.74
2018-04-04,79.63,46.89
2018-04-05,79.52,46.99
2018-04-06,79.72,46.16
2018-04-09,79.8,46.12
2018-04-10,79.66,46.98
2018-04-11,79.72,47.04
2018-04-12,79.57,47.03
2018-04-13,79.63,46.54
2018-04-16,79.64,46.58
2018-04-17,79.67,46.62
2018-04-18,79.41,46.95
2018-04-19,79.22,46.69
2018-04-20,79.02,46.14
2018-04-23,78.98,45.83
2018-04-24,78.84,45.62
2018-04-25,78.73,45.28
2018-04-26,78.89,45.75
2018-04-27,79.01,45.99
2018-04-30,79.05,45.68
2018-05-01,78.75,45.42
2018-05-02,78.76,45.12
2018-05-03,78.83,44.98
2018-05-04,78.88,45.2
2018-05-07,78.84,45.08
2018-05-08,78.78,45.31
2018-05-09,78.69,45.37
2018-05-10,78.85,46.27
2018-05-11,78.93,46.11
2018-05-14,78.83,46.25
2018-05-15,78.46,45.37
2018-05-16,78.4,46.01
2018-05-17,78.33,45.37
2018-05-18,78.54,44.95
2018-05-21,78.54,45.24
2018-05-22,78.56,45.42
2018-05-23,78.8,45.22
2018-05-24,78.96,45.06
2018-05-25,79.13,45.17
2018-05-29,79.68,44.17
2018-05-30,79.44,44.56
2018-05-31,79.41,44.61
2018-06-01,79.09,45.11
2018-06-04,78.92,45.58
2018-06-05,78.99,45.18
2018-06-06,78.77,45.83
2018-06-07,78.97,45.13
2018-06-08,78.87,45.1
2018-06-11,78.8,45.04
2018-06-12,78.79,45.01
2018-06-13,78.74,44.68
2018-06-14,78.91,44.44
2018-06-15,78.92,44.2
2018-06-18,78.92,43.69
2018-06-19,79.05,43.19
2018-06-20,78.87,43.33
2018-06-21,78.91,42.72
2018-06-22,78.96,42.79
2018-06-25,78.95,42.23
2018-06-26,79.08,42.06
2018-06-27,79.27,41.13
2018-06-28,79.21,41.52
2018-06-29,79.19,42.2
2018-07-02,78.96,41.74
2018-07-03,79.12,41.78
2018-07-05,79.23,41.74
2018-07-06,79.32,42.25
2018-07-09,79.25,43.02
2018-07-10,79.2,42.98
2018-07-11,79.24,42.18
2018-07-12,79.3,42.77
2018-07-13,79.37,42.8
2018-07-16,79.26,42.56
2018-07-17,79.23,42.89
2018-07-18,79.19,42.85
2018-07-19,79.34,42.36
2018-07-20,79.16,42.91
2018-07-23,78.91,42.78
2018-07-24,79.03,43.42
2018-07-25,79.03,44.11
2018-07-26,78.97,43.68
2018-07-27,79.01,43.74
2018-07-30,78.92,43.68
2018-07-31,78.98,43.88
2018-08-01,78.75,43.55
2018-08-02,78.79,43.05
2018-08-03,78.96,43.32
2018-08-06,79.03,42.99
2018-08-07,78.89,43.38
2018-08-08,78.87,43.28
2018-08-09,79.02,43.22
2018-08-10,79.18,42.36
2018-08-13,79.19,41.68
2018-08-14,79.14,41.93
2018-08-15,79.23,40.7
2018-08-16,79.27,40.99
2018-08-17,79.36,41.34
2018-08-20,79.46,41.52
2018-08-21,79.42,41.97
2018-08-22,79.47,42.22
2018-08-23,79.47,41.56
2018-08-24,79.51,42.18
2018-08-27,79.41,42.87
2018-08-28,79.29,42.66
2018-08-29,79.24,42.9
2018-08-30,79.3,41.76
2018-08-31,79.32,42.04
2018-09-04,79.01,41.1
2018-09-05,79.03,40.66
2018-09-06,79.15,40.64
2018-09-07,78.9,40.46
2018-09-10,78.95,39.98
2018-09-11,78.78,40.03
2018-09-12,78.84,40.28
2018-09-13,78.89,40.79
2018-09-14,78.76,40.74
2018-09-17,78.75,40.42
2018-09-18,78.57,40.74
2018-09-19,78.45,41.29
2018-09-20,78.55,41.63
2018-09-21,78.6,41.8
2018-09-24,78.5,41.28
2018-09-25,78.44,41.54
2018-09-26,78.64,41.14
2018-09-27,78.7,41.26
2018-09-28,78.7,41.0
2018-10-01,78.37,41.1
2018-10-02,78.51,40.66
2018-10-03,78.11,40.32
2018-10-04,77.91,39.4
2018-10-05,77.77,39.22
2018-10-08,77.74,39.29
2018-10-09,77.89,39.19
2018-10-10,77.83,38.1
2018-10-11,78.05,37.76
2018-10-12,78.03,38.72
2018-10-15,78.01,38.34
2018-10-16,78.07,39.22
2018-10-17,77.93,38.75
2018-10-18,77.88,37.74
2018-10-19,77.84,38.09
2018-10-22,77.81,38.49
2018-10-23,77.92,38.11
2018-10-24,78.13,37.0
2018-10-25,78.04,37.7
2018-10-26,78.18,37.41
2018-10-29,78.11,36.68
2018-10-30,78.0,37.43
2018-10-31,77.84,37.86
2018-11-01,77.79,39.22
2018-11-02,77.5,39.36
2018-11-05,77.56,39.54
2018-11-06,77.55,39.39
2018-11-07,77.62,40.09
2018-11-08,77.49,39.12
2018-11-09,77.68,38.45
2018-11-12,77.8,37.94
2018-11-13,77.76,38.39
2018-11-14,77.82,38.69
2018-11-15,77.83,39.45
2018-11-16,78.0,39.59
2018-11-19,78.0,39.1
2018-11-20,77.95,38.28
2018-11-21,78.03,39.0
2018-11-23,78.02,38.59
2018-11-26,77.96,38.86
2018-11-27,78.01,39.14
2018-11-28,78.05,40.01
2018-11-29,78.11,39.74
2018-11-30,78.14,39.69
2018-12-03,78.07,40.48
2018-12-04,78.26,39.73
2018-12-06,78.4,39.41
2018-12-07,78.56,38.62
2018-12-10,78.64,38.17
2018-12-11,78.65,38.56
2018-12-12,78.57,39.14
2018-12-13,78.63,39.2
2018-12-14,78.7,38.71
2018-12-17,78.85,38.29
2018-12-18,78.97,38.53
2018-12-19,79.11,37.89
2018-12-20,79.0,38.18
2018-12-21,79.0,37.87
2018-12-24,78.82,37.32
2018-12-26,78.65,37.98
2018-12-27,78.82,37.9
2018-12-28,79.01,38.17
2018-12-31,79.21,38.1
2019-01-02,79.37,38.27
2019-01-03,79.68,37.67
2019-01-04,79.44,38.86
2019-01-07,79.32,38.94
2019-01-08,79.22,39.16
2019-01-09,79.33,39.73
2019-01-10,79.17,40.03
2019-01-11,79.33,39.78
2019-01-14,79.26,39.5
2019-01-15,79.27,39.76
2019-01-16,79.3,40.15
2019-01-17,79.21,40.34
2019-01-18,79.15,40.55
2019-01-22,79.29,39.87
2019-01-23,79.37,40.26
2019-01-24,79.54,40.6
2019-01-25,79.45,41.0
2019-01-28,79.48,40.57
2019-01-29,79.64,40.62
2019-01-30,79.72,41.34
2019-01-31,80.09,41.78
2019-02-01,79.67,41.47
2019-02-04,79.6,41.56
2019-02-05,79.77,42.03
2019-02-06,79.74,41.53
2019-02-07,79.8,41.14
2019-02-08,79.92,40.98
2019-02-11,79.89,40.74
2019-02-12,79.88,41.14
2019-02-13,79.75,40.85
2019-02-14,79.9,40.93
2019-02-15,79.93,40.86
2019-02-19,80.0,41.28
2019-02-20,79.97,41.46
2019-02-21,79.81,41.37
2019-02-22,79.99,41.84
2019-02-25,79.96,42.4
2019-02-26,80.07,42.27
2019-02-27,79.91,41.94
2019-02-28,79.82,41.62
2019-03-01,79.39,41.67
2019-03-04,79.53,41.82
2019-03-05,79.59,42.31
2019-03-06,79.69,42.1
2019-03-07,79.92,41.42
2019-03-08,80.02,41.12
2019-03-11,79.98,41.96
2019-03-12,80.17,42.13
2019-03-13,80.13,42.22
2019-03-14,80.06,42.0
2019-03-15,80.21,42.57
2019-03-18,80.16,43.05
2019-03-19,80.12,43.06
2019-03-20,80.47,43.05
2019-03-21,80.49,43.15
2019-03-22,80.93,41.85
2019-03-25,81.03,41.96
2019-03-26,81.05,42.1
2019-03-27,81.2,41.64
2019-03-28,81.24,42.0
2019-03-29,81.18,42.5
2019-04-01,80.66,43.14
2019-04-02,80.7,43.01
2019-04-03,80.59,43.22
2019-04-04,80.67,43.5
2019-04-05,80.73,43.85
2019-04-08,80.65,43.82
2019-04-09,80.77,43.76
2019-04-10,80.88,43.97
2019-04-11,80.74,43.46
2019-04-12,80.59,43.73
2019-04-15,80.61,43.5
2019-04-16,80.47,43.85
2019-04-17,80.47,43.96
2019-04-18,80.58,44.01
2019-04-22,80.5,43.75
2019-04-23,80.64,43.85
2019-04-24,80.85,43.34
2019-04-25,80.83,43.26
2019-04-26,81.01,43.46
2019-04-29,80.84,43.38
2019-04-30,80.96,43.41
2019-05-01,80.77,43.17
2019-05-02,80.59,43.23
2019-05-03,80.74,43.79
2019-05-06,80.84,42.86
2019-05-07,80.96,42.05
2019-05-08,80.9,41.94
2019-05-09,80.98,41.35
2019-05-10,80.97,41.69
2019-05-13,81.14,40.28
2019-05-14,81.19,40.84
2019-05-15,81.31,40.95
2019-05-16,81.19,40.85
2019-05-17,81.21,40.07
2019-05-20,81.11,39.93
2019-05-21,81.07,40.47
2019-05-22,81.22,40.3
2019-05-23,81.51,39.79
2019-05-24,81.51,39.85
2019-05-28,81.68,39.97
2019-05-29,81.66,40.31
2019-05-30,81.88,40.49
2019-05-31,82.24,40.64
2019-06-03,82.28,40.88
2019-06-04,82.14,40.89
2019-06-05,82.14,40.59
2019-06-06,82.12,40.58
2019-06-07,82.34,40.87
2019-06-10,82.17,41.25
2019-06-11,82.11,41.68
2019-06-12,82.25,41.23
2019-06-13,82.39,41.27
2019-06-14,82.4,40.76
2019-06-17,82.4,40.65
2019-06-18,82.59,41.57
2019-06-19,82.87,41.86
2019-06-20,83.0,42.51
2019-06-21,82.77,42.34
2019-06-24,82.92,42.37
2019-06-25,82.95,41.91
2019-06-26,82.76,42.32
2019-06-27,83.0,42.56
2019-06-28,83.07,42.53
2019-07-01,82.87,43.14
2019-07-02,83.03,43.08
2019-07-03,83.18,43.13
2019-07-05,82.79,42.83
2019-07-08,82.78,42.66
2019-07-09,82.67,42.55
2019-07-10,82.74,42.83
2019-07-11,82.47,42.74
2019-07-12,82.54,42.74
2019-07-15,82.66,42.94
2019-07-16,82.55,42.86
2019-07-17,82.8,42.76
2019-07-18,82.95,43.03
2019-07-19,82.86,42.75
2019-07-22,82.95,42.7
2019-07-23,82.88,42.7
2019-07-24,82.96,42.83
2019-07-25,82.87,42.58
2019-07-26,82.87,42.62
2019-07-29,82.92,42.61
2019-07-30,82.9,42.19
2019-07-31,83.0,41.76
2019-08-01,83.4,41.0
2019-08-02,83.48,40.61
2019-08-05,83.84,39.18
2019-08-06,84.05,39.8
2019-08-07,84.05,39.97
2019-08-08,84.12,40.49
2019-08-09,83.97,40.09
2019-08-12,84.34,39.64
2019-08-13,84.21,40.11
2019-08-14,84.51,39.0
2019-08-15,84.92,39.22
2019-08-16,84.83,39.74
2019-08-19,84.56,39.87
2019-08-20,84.78,39.94
2019-08-21,84.74,40.25
2019-08-22,84.58,39.84
2019-08-23,84.89,39.27
2019-08-26,84.84,39.52
2019-08-27,85.13,39.54
2019-08-28,85.16,39.69
2019-08-29,85.11,40.15
2019-08-30,85.1,40.4
2019-09-03,84.99,40.19
2019-09-04,85.15,40.85
2019-09-05,84.71,41.16
2019-09-06,84.81,41.29
2019-09-09,84.42,41.4
2019-09-10,83.99,41.4
2019-09-11,83.94,41.71
2019-09-12,83.78,41.97
2019-09-13,83.3,42.19
2019-09-16,83.52,41.85
2019-09-17,83.71,41.9
2019-09-18,83.77,41.69
2019-09-19,83.89,41.43
2019-09-20,84.19,41.5
2019-09-23,84.25,41.65
2019-09-24,84.54,40.63
2019-09-25,84.14,40.67
2019-09-26,84.28,40.65
2019-09-27,84.37,40.14
2019-09-30,84.43,40.26
2019-10-01,84.33,39.98
2019-10-02,84.52,39.79
2019-10-03,84.8,40.27
2019-10-04,84.94,40.46
2019-10-07,84.72,40.15
2019-10-08,84.76,39.81
2019-10-09,84.66,40.11
2019-10-10,84.4,40.54
2019-10-11,84.09,41.08
2019-10-14,84.23,40.99
2019-10-15,84.01,41.27
2019-10-16,84.1,41.38
2019-10-17,84.1,41.51
2019-10-18,84.14,41.4
2019-10-21,83.94,41.7
2019-10-22,84.09,41.67
2019-10-23,84.13,41.69
2019-10-24,84.14,41.74
2019-10-25,84.0,41.93
2019-10-28,83.82,42.26
2019-10-29,83.84,42.02
2019-10-30,84.11,42.18
2019-10-31,84.51,41.85
2019-11-01,84.25,42.5
2019-11-04,84.01,42.81
2019-11-05,83.72,43.02
2019-11-06,83.9,42.95
2019-11-07,83.47,43.24
2019-11-08,83.39,42.85
2019-11-11,83.44,42.61
2019-11-12,83.49,42.29
2019-11-13,83.64,42.02
2019-11-14,83.88,42.0
2019-11-15,83.85,42.28
2019-11-18,83.97,42.27
2019-11-19,84.06,42.42
2019-11-20,84.29,42.26
2019-11-21,84.15,42.31
2019-11-22,84.2,42.23
2019-11-25,84.28,42.61
2019-11-26,84.42,42.44
2019-11-27,84.29,42.57
2019-11-29,84.29,42.06
2019-12-02,83.89,42.07
2019-12-03,84.34,41.9
2019-12-04,84.17,42.27
2019-12-05,84.08,42.49
2019-12-06,83.97,42.65
2019-12-09,83.99,42.49
2019-12-10,83.93,42.58
2019-12-11,84.21,43.15
2019-12-12,83.81,43.74
2019-12-13,84.19,43.69
2019-12-16,83.96,44.06
2019-12-17,83.97,44.39
2019-12-18,83.86,44.63
2019-12-19,83.92,44.66
2019-12-20,83.94,44.7
2019-12-23,83.7,44.22
2019-12-24,83.78,44.18
2019-12-26,83.86,44.55
2019-12-27,83.98,44.61
2019-12-30,83.95,44.36
2019-12-31,83.86,44.47
2020-01-02,83.97,45.53
2020-01-03,84.27,44.72
2020-01-06,84.17,44.64
2020-01-07,84.1,44.62
2020-01-08,83.97,44.82
2020-01-09,84.07,45.05
2020-01-10,84.21,45.27
2020-01-13,84.16,45.89
2020-01-14,84.28,45.68
2020-01-15,84.41,45.39
2020-01-16,84.36,45.62
2020-01-17,84.35,45.91
2020-01-21,84.56,44.77
2020-01-22,84.63,45.04
2020-01-23,84.78,44.63
2020-01-24,84.91,44.29
2020-01-27,85.19,42.8
2020-01-28,85.04,43.16
2020-01-29,85.28,43.36
2020-01-30,85.3,42.77
2020-01-31,85.52,42.01
2020-02-03,85.26,42.31
2020-02-04,85.0,43.32
2020-02-05,84.86,43.56
2020-02-06,84.94,43.54
2020-02-07,85.2,42.95
2020-02-10,85.33,43.22
2020-02-11,85.19,43.77
2020-02-12,85.09,44.33
2020-02-13,85.17,43.86
2020-02-14,85.26,43.77
2020-02-18,85.39,43.62
2020-02-19,85.38,43.98
2020-02-20,85.59,43.38
2020-02-21,85.8,43.22
2020-02-24,86.07,41.7
2020-02-25,86.14,41.37
2020-02-26,86.09,41.63
2020-02-27,86.19,40.63
2020-02-28,86.76,40.52
2020-03-02,86.53,41.3
2020-03-03,87.05,41.1
2020-03-04,87.03,41.68
2020-03-05,87.36,40.88
2020-03-06,87.96,40.11
2020-03-09,87.77,37.12
2020-03-10,86.59,38.99
2020-03-11,84.95,37.3
2020-03-12,80.33,33.55
2020-03-13,83.72,35.9
2020-03-16,84.6,31.56
2020-03-17,82.85,33.54
2020-03-18,80.85,30.81
2020-03-19,80.8,30.98
2020-03-20,82.17,31.12
2020-03-23,83.99,30.46
2020-03-24,84.08,32.38
2020-03-25,85.21,33.44
2020-03-26,85.6,34.79
2020-03-27,86.06,32.91
2020-03-30,86.15,33.39
2020-03-31,85.35,33.55
2020-04-01,85.6,32.36
2020-04-02,86.0,33.31
2020-04-03,85.96,32.67
2020-04-06,86.23,34.28
2020-04-07,86.31,34.48
2020-04-08,86.53,34.88
2020-04-09,87.48,34.82
2020-04-13,87.2,34.95
2020-04-14,87.2,35.65
2020-04-15,87.63,34.86
2020-04-16,87.68,35.06
2020-04-17,87.56,35.63
2020-04-20,87.42,35.37
2020-04-21,87.53,34.39
2020-04-22,87.46,35.28
2020-04-23,87.6,35.14
2020-04-24,87.57,35.09
2020-04-27,87.26,35.75
2020-04-28,87.52,35.84
2020-04-29,87.58,36.81
2020-04-30,87.51,36.17
2020-05-01,87.3,34.96
2020-05-04,87.39,35.4
2020-05-05,87.31,35.56
2020-05-06,86.92,35.47
2020-05-07,87.2,35.7
2020-05-08,86.95,36.5
2020-05-11,86.68,36.32
2020-05-12,86.96,36.21
2020-05-13,87.06,36.1
2020-05-14,87.3,36.21
2020-05-15,87.35,35.76
2020-05-18,87.19,37.11
2020-05-19,87.3,36.74
2020-05-20,87.53,37.2
2020-05-21,87.62,36.82
2020-05-22,87.65,36.12
2020-05-26,87.6,36.92
2020-05-27,87.64,36.96
2020-05-28,87.67,36.72
2020-05-29,87.92,37.36
2020-06-01,87.68,38.21
2020-06-02,87.75,39.1
2020-06-03,87.55,39.86
2020-06-04,87.34,39.36
2020-06-05,87.33,40.27
2020-06-08,87.42,40.59
2020-06-09,87.48,40.37
2020-06-10,87.85,40.57
2020-06-11,87.69,38.5
2020-06-12,87.78,39.38
2020-06-15,87.96,39.22
2020-06-16,87.85,39.37
2020-06-17,87.87,39.73
2020-06-18,87.97,39.74
2020-06-19,88.0,39.81
2020-06-22,87.97,40.07
2020-06-23,87.93,40.47
2020-06-24,87.94,39.86
2020-06-25,88.03,40.03
2020-06-26,88.19,39.55
2020-06-29,88.25,39.81
2020-06-30,88.34,39.61
2020-07-01,88.2,40.14
2020-07-02,88.34,41.09
2020-07-06,88.31,42.9
2020-07-07,88.45,42.22
2020-07-08,88.4,43.35
2020-07-09,88.64,43.38
2020-07-10,88.54,43.08
2020-07-13,88.58,42.87
2020-07-14,88.69,42.89
2020-07-15,88.7,42.93
2020-07-16,88.76,42.32
2020-07-17,88.85,42.51
2020-07-20,88.94,43.11
2020-07-21,88.99,43.43
2020-07-22,89.11,43.28
2020-07-23,89.19,42.99
2020-07-24,89.17,42.88
2020-07-27,89.11,43.48
2020-07-28,89.15,43.01
2020-07-29,89.29,43.77
2020-07-30,89.34,43.26
2020-07-31,89.46,43.01
2020-08-03,89.27,43.34
2020-08-04,89.46,43.83
2020-08-05,89.34,44.28
2020-08-06,89.48,44.34
2020-08-07,89.38,43.44
2020-08-10,89.28,43.43
2020-08-11,88.97,43.27
2020-08-12,88.74,43.8
2020-08-13,88.45,43.63
2020-08-14,88.35,43.69
2020-08-17,88.46,44.16
2020-08-18,88.58,44.32
2020-08-19,88.43,43.81
2020-08-20,88.58,43.69
2020-08-21,88.77,43.97
2020-08-24,88.67,44.41
2020-08-25,88.5,44.82
2020-08-26,88.45,44.86
2020-08-27,88.13,44.6
2020-08-28,88.2,45.14
2020-08-31,88.46,44.19
2020-09-01,88.55,45.08
2020-09-02,88.74,44.96
2020-09-03,88.75,44.17
2020-09-04,88.23,44.09
2020-09-08,88.36,43.27
2020-09-09,88.3,43.83
2020-09-10,88.32,43.17
2020-09-11,88.41,43.49
2020-09-14,88.41,44.21
2020-09-15,88.46,44.71
2020-09-16,88.44,44.55
2020-09-17,88.44,44.47
2020-09-18,88.34,44.12
2020-09-21,88.39,43.33
2020-09-22,88.42,42.95
2020-09-23,88.22,42.28
2020-09-24,88.23,42.16
2020-09-25,88.22,42.15
2020-09-28,88.3,42.57
2020-09-29,88.36,42.55
2020-09-30,88.22,43.24
2020-10-01,88.16,43.62
2020-10-02,88.1,43.14
2020-10-05,87.77,43.7
2020-10-06,87.89,43.83
2020-10-07,87.77,44.24
2020-10-08,87.92,44.57
2020-10-09,87.94,44.88
2020-10-12,88.07,45.32
2020-10-13,88.14,45.12
2020-10-14,88.19,44.92
2020-10-15,88.14,44.56
2020-10-16,88.07,44.74
2020-10-19,87.99,44.6
2020-10-20,87.84,45.05
2020-10-21,87.74,45.14
2020-10-22,87.59,45.15
2020-10-23,87.7,45.36
2020-10-26,87.83,44.77
2020-10-27,88.04,44.93
2020-10-28,87.92,43.81
2020-10-29,87.73,44.27
2020-10-30,87.58,43.81
2020-11-02,87.55,44.37
2020-11-03,87.53,44.49
2020-11-04,88.13,45.92
2020-11-05,88.22,46.7
2020-11-06,88.02,46.87
2020-11-09,87.61,47.22
2020-11-10,87.44,46.69
2020-11-11,87.5,46.89
2020-11-12,87.79,46.54
2020-11-13,87.82,47.13
2020-11-16,87.87,47.68
2020-11-17,88.02,47.61
2020-11-18,88.12,47.45
2020-11-19,88.3,47.57
2020-11-20,88.38,47.9
2020-11-23,88.31,47.89
2020-11-24,88.22,48.53
2020-11-25,88.18,48.31
2020-11-27,88.37,48.76
2020-11-30,88.49,47.56
2020-12-01,88.08,48.55
2020-12-02,87.93,48.53
2020-12-03,88.1,49.01
2020-12-04,87.87,49.34
2020-12-07,87.99,49.34
2020-12-08,88.02,49.48
2020-12-09,87.87,48.9
2020-12-10,88.05,49.56
2020-12-11,88.19,49.23
2020-12-14,88.16,49.05
2020-12-15,88.2,49.51
2020-12-16,88.11,49.78
2020-12-17,88.13,50.18
2020-12-18,88.1,50.03
2020-12-21,88.11,49.06
2020-12-22,88.25,48.7
2020-12-23,87.86,49.2
2020-12-24,88.01,48.92
2020-12-28,87.98,49.02
2020-12-29,88.01,49.55
2020-12-30,88.07,50.24
2020-12-31,88.19,50.11
2021-01-04,88.07,50.34
2021-01-05,87.92,51.51
2021-01-06,87.53,51.02
2021-01-07,87.35,51.42
2021-01-08,87.27,52.46
2021-01-11,87.18,51.85
2021-01-12,87.16,52.42
2021-01-13,87.39,52.59
2021-01-14,87.28,53.11
2021-01-15,87.35,52.5
2021-01-19,87.47,53.45
2021-01-20,87.46,54.38
2021-01-21,87.34,54.39
2021-01-22,87.38,54.0
2021-01-25,87.48,54.37
